{
  "sigma_candidate": {
    "0": {
      "0": 0.9361702127659575,
      "1": 0.06382978723404255
    },
    "1": {
      "0": 0.013297872340425532,
      "1": 0.9867021276595744
    },
    "2": {
      "0": 0.034574468085106384,
      "1": 0.9654255319148937
    }
  },
  "sigma_firm_joint": {
    "LowVerify|sus=0.10": 0.021080368906455864,
    "LowVerify|sus=0.50": 0.310935441370224,
    "LowVerify|sus=0.90": 0.6600790513833992,
    "BaseVerify|sus=0.10": 0.0013175230566534915,
    "BaseVerify|sus=0.50": 0.0013175230566534915,
    "BaseVerify|sus=0.90": 0.0013175230566534915,
    "HighVerify|sus=0.10": 0.0013175230566534915,
    "HighVerify|sus=0.50": 0.0013175230566534915,
    "HighVerify|sus=0.90": 0.0013175230566534915
  },
  "counts_candidate": [
    [
      704.0,
      48.0
    ],
    [
      10.0,
      742.0
    ],
    [
      26.0,
      726.0
    ]
  ],
  "counts_firm": [
    16.0,
    236.0,
    501.0,
    1.0,
    1.0,
    1.0,
    1.0,
    1.0,
    1.0
  ],
  "firm_joint_action_labels": [
    "LowVerify|sus=0.10",
    "LowVerify|sus=0.50",
    "LowVerify|sus=0.90",
    "BaseVerify|sus=0.10",
    "BaseVerify|sus=0.50",
    "BaseVerify|sus=0.90",
    "HighVerify|sus=0.10",
    "HighVerify|sus=0.50",
    "HighVerify|sus=0.90"
  ]
}