{
  "ai_adoption_overall": {
    "mean": 0.9557443333333334,
    "se": 0.00010146137177116124,
    "ci_lo": 0.955545469044662,
    "ci_hi": 0.9559431976220049
  },
  "ai_adoption_low": {
    "mean": 0.8536480914056379,
    "se": 0.00029259833623027933,
    "ci_lo": 0.8530745986666266,
    "ci_hi": 0.8542215841446492
  },
  "ai_adoption_medium": {
    "mean": 0.9994824729347056,
    "se": 1.2928511653807964e-05,
    "ci_lo": 0.9994571330518641,
    "ci_hi": 0.9995078128175471
  },
  "ai_adoption_high": {
    "mean": 0.9994986767032299,
    "se": 2.7083285797959935e-05,
    "ci_lo": 0.9994455934630659,
    "ci_hi": 0.9995517599433938
  },
  "correct_match_rate": {
    "mean": 0.9124800000000001,
    "se": 0.00017604205349206053,
    "ci_lo": 0.9121349575751556,
    "ci_hi": 0.9128250424248445
  },
  "overoffer_rate": {
    "mean": 0.041871000000000005,
    "se": 0.00010998260050477591,
    "ci_lo": 0.04165543410301065,
    "ci_hi": 0.042086565896989364
  },
  "underoffer_rate": {
    "mean": 0.045649,
    "se": 0.000126055406537131,
    "ci_lo": 0.045401931403187226,
    "ci_hi": 0.04589606859681278
  },
  "detection_rate_given_ai": {
    "mean": 0.1098551885503946,
    "se": 0.00019129876529790028,
    "ci_lo": 0.10948024297041072,
    "ci_hi": 0.11023013413037848
  },
  "detection_rate_given_ai_low": {
    "mean": 0.17481818103784472,
    "se": 0.0004284013097758643,
    "ci_lo": 0.17397851447068402,
    "ci_hi": 0.1756578476050054
  },
  "detection_rate_given_ai_medium": {
    "mean": 0.10051223549309722,
    "se": 0.00026725777056275024,
    "ci_lo": 0.09998841026279423,
    "ci_hi": 0.10103606072340021
  },
  "detection_rate_given_ai_high": {
    "mean": 0.04990557575312465,
    "se": 0.00030851126638673757,
    "ci_lo": 0.04930089367100664,
    "ci_hi": 0.050510257835242656
  },
  "candidate_welfare": {
    "mean": 0.8664526316666668,
    "se": 0.00046438859368562365,
    "ci_lo": 0.8655424300230429,
    "ci_hi": 0.8673628333102906
  },
  "firm_welfare": {
    "mean": -0.10764254000000002,
    "se": 0.0001762509760044706,
    "ci_lo": -0.10798799191296879,
    "ci_hi": -0.10729708808703126
  },
  "total_welfare": {
    "mean": 0.7588100916666669,
    "se": 0.0004938506415171729,
    "ci_lo": 0.7578421444092932,
    "ci_hi": 0.7597780389240406
  },
  "firm_policy_lowverify": {
    "mean": 0.9989903333333334,
    "se": 1.7237244714977575e-05,
    "ci_lo": 0.9989565483336921,
    "ci_hi": 0.9990241183329748
  },
  "firm_policy_baseverify": {
    "mean": 0.0005016666666666666,
    "se": 1.112192959911466e-05,
    "ci_lo": 0.0004798676846524019,
    "ci_hi": 0.0005234656486809314
  },
  "firm_policy_highverify": {
    "mean": 0.000508,
    "se": 1.2842100304462856e-05,
    "ci_lo": 0.0004828294834032528,
    "ci_hi": 0.0005331705165967472
  },
  "separating_index": {
    "mean": 0.06875084170659976,
    "se": 0.00014053000317950908,
    "ci_lo": 0.06847540290036792,
    "ci_hi": 0.06902628051283159
  }
}