{
  "ai_adoption_overall": 0.70751,
  "ai_adoption_low": 0.060822778464726134,
  "ai_adoption_medium": 0.9882968277188834,
  "ai_adoption_high": 0.9721451229183188,
  "correct_match_rate": 0.92724,
  "overoffer_rate": 0.03702,
  "underoffer_rate": 0.03574,
  "detection_rate_given_ai": 0.09009059942615652,
  "detection_rate_given_ai_low": 0.18516483516483517,
  "detection_rate_given_ai_medium": 0.10245959811018512,
  "detection_rate_given_ai_high": 0.0501682471703885,
  "candidate_welfare": 0.81559045,
  "firm_welfare": -0.09370680000000003,
  "total_welfare": 0.7218836499999999,
  "firm_policy_lowverify": 0.9922,
  "firm_policy_baseverify": 0.00381,
  "firm_policy_highverify": 0.0039900000000000005,
  "firm_suspicion_10": 0.0211,
  "firm_suspicion_50": 0.28876,
  "firm_suspicion_90": 0.69014,
  "separating_index": 0.4334586235678813,
  "eval_seed": 10042,
  "training_seed": 43,
  "training_seed_idx": 1
}