{
  "regret": {
    "r_max": 0.0055144927536231875,
    "r_firm": 0.0055144927536231875,
    "r_candidate_low": 0.005448057704706642,
    "r_candidate_medium": 0.0033742588932806905,
    "r_candidate_high": 0.0037702358926918755
  },
  "convergence": {
    "is_strategy_stable": false,
    "max_delta": 0.0010545702997356021,
    "flips_in_window": 38,
    "br_flips_total": {
      "candidate_low": 2,
      "candidate_medium": 1,
      "candidate_high": 1,
      "firm": 281
    }
  },
  "training_seed": 43,
  "degenerate_posterior_train": 0,
  "degenerate_posterior_eval": 0
}