{
  "ai_adoption_overall": 0.70735,
  "ai_adoption_low": 0.07257068464799546,
  "ai_adoption_medium": 0.9846984698469847,
  "ai_adoption_high": 0.9642358339984038,
  "correct_match_rate": 0.92524,
  "overoffer_rate": 0.03803,
  "underoffer_rate": 0.03673,
  "detection_rate_given_ai": 0.08714215027921114,
  "detection_rate_given_ai_low": 0.17295308187672492,
  "detection_rate_given_ai_medium": 0.09839528742636604,
  "detection_rate_given_ai_high": 0.04883347990274688,
  "candidate_welfare": 0.8133226499999997,
  "firm_welfare": -0.0957308,
  "total_welfare": 0.7175918499999997,
  "firm_policy_lowverify": 0.9919,
  "firm_policy_baseverify": 0.004059999999999999,
  "firm_policy_highverify": 0.00404,
  "firm_suspicion_10": 0.02625,
  "firm_suspicion_50": 0.26866000000000007,
  "firm_suspicion_90": 0.70509,
  "separating_index": 0.4252401353698051,
  "eval_seed": 10043,
  "training_seed": 44,
  "training_seed_idx": 2
}