{
  "ai_adoption_overall": 0.71006,
  "ai_adoption_low": 0.08458041609981086,
  "ai_adoption_medium": 0.9843925308543036,
  "ai_adoption_high": 0.9685730038594557,
  "correct_match_rate": 0.92546,
  "overoffer_rate": 0.03561,
  "underoffer_rate": 0.03893,
  "detection_rate_given_ai": 0.09140072669915218,
  "detection_rate_given_ai_low": 0.17065515888583757,
  "detection_rate_given_ai_medium": 0.10233447988113895,
  "detection_rate_given_ai_high": 0.053146346512109297,
  "candidate_welfare": 0.8048702499999999,
  "firm_welfare": -0.09551560000000002,
  "total_welfare": 0.7093546499999999,
  "firm_policy_lowverify": 0.9918,
  "firm_policy_baseverify": 0.00417,
  "firm_policy_highverify": 0.00403,
  "firm_suspicion_10": 0.02452,
  "firm_suspicion_50": 0.20089,
  "firm_suspicion_90": 0.7745900000000001,
  "separating_index": 0.4204963990475076,
  "eval_seed": 10041,
  "training_seed": 42,
  "training_seed_idx": 0
}