{
  "ai_adoption_overall": 0.99768,
  "ai_adoption_low": 0.9953547438425292,
  "ai_adoption_medium": 0.9988376986433137,
  "ai_adoption_high": 0.9982652656621729,
  "correct_match_rate": 0.9042,
  "overoffer_rate": 0.0557,
  "underoffer_rate": 0.0401,
  "detection_rate_given_ai": 0.11357349049795526,
  "detection_rate_given_ai_low": 0.17459038409884503,
  "detection_rate_given_ai_medium": 0.10250185582729772,
  "detection_rate_given_ai_high": 0.05074226701752644,
  "candidate_welfare": 0.8840471500000001,
  "firm_welfare": -0.11674680000000003,
  "total_welfare": 0.7673003500000001,
  "firm_policy_lowverify": 0.9922,
  "firm_policy_baseverify": 0.00381,
  "firm_policy_highverify": 0.0039900000000000005,
  "firm_suspicion_10": 0.0039,
  "firm_suspicion_50": 0.00688,
  "firm_suspicion_90": 0.98922,
  "separating_index": 0.0015249696144451102,
  "eval_seed": 10042,
  "training_seed": 43,
  "training_seed_idx": 1
}