{
  "ai_adoption_overall": {
    "mean": 0.0014680000000000001,
    "se": 0.00010321821544669332,
    "ci_lo": 0.0011814202909557767,
    "ci_hi": 0.0017545797090442235,
    "n": 5,
    "t_crit": 2.7764451051977987
  },
  "ai_adoption_low": {
    "mean": 0.0014421900181097534,
    "se": 0.00018280314879293936,
    "ci_lo": 0.000934647110428852,
    "ci_hi": 0.0019497329257906547,
    "n": 5,
    "t_crit": 2.7764451051977987
  },
  "ai_adoption_medium": {
    "mean": 0.0013445009498136112,
    "se": 5.995023901258731e-05,
    "ci_lo": 0.001178052402151675,
    "ci_hi": 0.0015109494974755474,
    "n": 5,
    "t_crit": 2.7764451051977987
  },
  "ai_adoption_high": {
    "mean": 0.0018137335670381678,
    "se": 0.00032354518750460945,
    "ci_lo": 0.0009154281148806909,
    "ci_hi": 0.0027120390191956445,
    "n": 5,
    "t_crit": 2.7764451051977987
  },
  "correct_match_rate": {
    "mean": 0.907498,
    "se": 0.0002671965568640563,
    "ci_lo": 0.9067561434275692,
    "ci_hi": 0.9082398565724309,
    "n": 5,
    "t_crit": 2.7764451051977987
  },
  "overoffer_rate": {
    "mean": 0.001686,
    "se": 5.418486873657627e-05,
    "ci_lo": 0.0015355586864205476,
    "ci_hi": 0.0018364413135794524,
    "n": 5,
    "t_crit": 2.7764451051977987
  },
  "underoffer_rate": {
    "mean": 0.090816,
    "se": 0.0003107024299872794,
    "ci_lo": 0.08995335175908875,
    "ci_hi": 0.09167864824091124,
    "n": 5,
    "t_crit": 2.7764451051977987
  },
  "detection_rate_given_ai": {
    "mean": 0.2121471705305998,
    "se": 0.013974620132224055,
    "ci_lo": 0.17334740486748773,
    "ci_hi": 0.2509469361937119,
    "n": 5,
    "t_crit": 2.7764451051977987
  },
  "detection_rate_given_ai_low": {
    "mean": 0.32571142827064503,
    "se": 0.026643002738240353,
    "ci_lo": 0.25173859373028606,
    "ci_hi": 0.399684262811004,
    "n": 5,
    "t_crit": 2.7764451051977987
  },
  "detection_rate_given_ai_medium": {
    "mean": 0.1865423894501416,
    "se": 0.032185299397279814,
    "ci_lo": 0.0971816724792384,
    "ci_hi": 0.27590310642104476,
    "n": 5,
    "t_crit": 2.7764451051977987
  },
  "detection_rate_given_ai_high": {
    "mean": 0.10080479794945733,
    "se": 0.027609819833880396,
    "ci_lo": 0.024147648816287004,
    "ci_hi": 0.17746194708262766,
    "n": 5,
    "t_crit": 2.7764451051977987
  },
  "candidate_welfare": {
    "mean": 0.8111707600000001,
    "se": 0.0006506383009015759,
    "ci_lo": 0.8093642984742077,
    "ci_hi": 0.8129772215257925,
    "n": 5,
    "t_crit": 2.7764451051977987
  },
  "firm_welfare": {
    "mean": -0.17250200000000002,
    "se": 0.00026719655686404395,
    "ci_lo": -0.1732438565724309,
    "ci_hi": -0.17176014342756912,
    "n": 5,
    "t_crit": 2.7764451051977987
  },
  "total_welfare": {
    "mean": 0.6386687600000001,
    "se": 0.0006040655250882025,
    "ci_lo": 0.6369916052296501,
    "ci_hi": 0.64034591477035,
    "n": 5,
    "t_crit": 2.7764451051977987
  },
  "firm_policy_lowverify": {
    "mean": 0.0,
    "se": 0.0,
    "ci_lo": 0.0,
    "ci_hi": 0.0,
    "n": 5,
    "t_crit": 2.7764451051977987
  },
  "firm_policy_baseverify": {
    "mean": 1.0,
    "se": 0.0,
    "ci_lo": 1.0,
    "ci_hi": 1.0,
    "n": 5,
    "t_crit": 2.7764451051977987
  },
  "firm_policy_highverify": {
    "mean": 0.0,
    "se": 0.0,
    "ci_lo": 0.0,
    "ci_hi": 0.0,
    "n": 5,
    "t_crit": 2.7764451051977987
  },
  "firm_suspicion_10": {
    "mean": 0.0,
    "se": 0.0,
    "ci_lo": 0.0,
    "ci_hi": 0.0,
    "n": 5,
    "t_crit": 2.7764451051977987
  },
  "firm_suspicion_50": {
    "mean": 1.0,
    "se": 0.0,
    "ci_lo": 1.0,
    "ci_hi": 1.0,
    "n": 5,
    "t_crit": 2.7764451051977987
  },
  "firm_suspicion_90": {
    "mean": 0.0,
    "se": 0.0,
    "ci_lo": 0.0,
    "ci_hi": 0.0,
    "n": 5,
    "t_crit": 2.7764451051977987
  },
  "separating_index": {
    "mean": 0.00033484800927860057,
    "se": 9.8826684042312e-05,
    "ci_lo": 6.046114610639401e-05,
    "ci_hi": 0.0006092348724508071,
    "n": 5,
    "t_crit": 2.7764451051977987
  }
}