{
  "sigma_candidate": {
    "0": {
      "0": 0.9705294705294706,
      "1": 0.029470529470529472
    },
    "1": {
      "0": 0.97002997002997,
      "1": 0.029970029970029972
    },
    "2": {
      "0": 0.9995004995004995,
      "1": 0.0004995004995004995
    }
  },
  "sigma_firm": {
    "LowVerify": 0.0,
    "BaseVerify": 1.0,
    "HighVerify": 0.0
  },
  "counts_candidate": [
    [
      1943.0,
      59.0
    ],
    [
      1942.0,
      60.0
    ],
    [
      2001.0,
      1.0
    ]
  ],
  "counts_firm": [
    0.0,
    2003.0,
    0.0
  ]
}