{
  "ai_adoption_overall": 0.00125,
  "ai_adoption_low": 0.00162590835185984,
  "ai_adoption_medium": 0.0012221509857348934,
  "ai_adoption_high": 0.0007518420129316826,
  "correct_match_rate": 0.96719,
  "overoffer_rate": 0.01612,
  "underoffer_rate": 0.01669,
  "detection_rate_given_ai": 0.088,
  "detection_rate_given_ai_low": 0.14285714285714285,
  "detection_rate_given_ai_medium": 0.03278688524590164,
  "detection_rate_given_ai_high": 0.13333333333333333,
  "candidate_welfare": 0.8972306500000001,
  "firm_welfare": -0.05378560000000001,
  "total_welfare": 0.8434450500000001,
  "firm_policy_lowverify": 0.9918,
  "firm_policy_baseverify": 0.00417,
  "firm_policy_highverify": 0.00403,
  "firm_suspicion_10": 0.99184,
  "firm_suspicion_50": 0.0042699999999999995,
  "firm_suspicion_90": 0.0038900000000000002,
  "separating_index": 0.0003571807051909965,
  "eval_seed": 10041,
  "training_seed": 42,
  "training_seed_idx": 0
}