{
  "sigma_candidate": {
    "0": {
      "0": 0.9986702127659575,
      "1": 0.0013297872340425532
    },
    "1": {
      "0": 0.9986702127659575,
      "1": 0.0013297872340425532
    },
    "2": {
      "0": 0.9986702127659575,
      "1": 0.0013297872340425532
    }
  },
  "sigma_firm_joint": {
    "LowVerify|sus=0.10": 0.9894598155467721,
    "LowVerify|sus=0.50": 0.0013175230566534915,
    "LowVerify|sus=0.90": 0.0013175230566534915,
    "BaseVerify|sus=0.10": 0.0013175230566534915,
    "BaseVerify|sus=0.50": 0.0013175230566534915,
    "BaseVerify|sus=0.90": 0.0013175230566534915,
    "HighVerify|sus=0.10": 0.0013175230566534915,
    "HighVerify|sus=0.50": 0.0013175230566534915,
    "HighVerify|sus=0.90": 0.0013175230566534915
  },
  "counts_candidate": [
    [
      751.0,
      1.0
    ],
    [
      751.0,
      1.0
    ],
    [
      751.0,
      1.0
    ]
  ],
  "counts_firm": [
    751.0,
    1.0,
    1.0,
    1.0,
    1.0,
    1.0,
    1.0,
    1.0,
    1.0
  ],
  "firm_joint_action_labels": [
    "LowVerify|sus=0.10",
    "LowVerify|sus=0.50",
    "LowVerify|sus=0.90",
    "BaseVerify|sus=0.10",
    "BaseVerify|sus=0.50",
    "BaseVerify|sus=0.90",
    "HighVerify|sus=0.10",
    "HighVerify|sus=0.50",
    "HighVerify|sus=0.90"
  ]
}