{
  "ai_adoption_overall": 0.70745,
  "ai_adoption_low": 0.07834223711716495,
  "ai_adoption_medium": 0.9843925308543036,
  "ai_adoption_high": 0.9649140393965214,
  "correct_match_rate": 0.92559,
  "overoffer_rate": 0.03654,
  "underoffer_rate": 0.03787,
  "detection_rate_given_ai": 0.09114425047706552,
  "detection_rate_given_ai_low": 0.16899618805590852,
  "detection_rate_given_ai_medium": 0.10233447988113895,
  "detection_rate_given_ai_high": 0.05303620591138123,
  "candidate_welfare": 0.8074601999999999,
  "firm_welfare": -0.09538560000000001,
  "total_welfare": 0.7120745999999998,
  "firm_policy_lowverify": 0.9918,
  "firm_policy_baseverify": 0.00417,
  "firm_policy_highverify": 0.00403,
  "firm_suspicion_10": 0.02452,
  "firm_suspicion_50": 0.24168,
  "firm_suspicion_90": 0.7338000000000001,
  "separating_index": 0.42259990363982347,
  "eval_seed": 10041,
  "training_seed": 42,
  "training_seed_idx": 0
}