{
  "ai_adoption_overall": 0.70591,
  "ai_adoption_low": 0.06442157156657007,
  "ai_adoption_medium": 0.9871877001921845,
  "ai_adoption_high": 0.9659459729365357,
  "correct_match_rate": 0.92774,
  "overoffer_rate": 0.03771,
  "underoffer_rate": 0.03455,
  "detection_rate_given_ai": 0.08911900950546103,
  "detection_rate_given_ai_low": 0.1737331954498449,
  "detection_rate_given_ai_medium": 0.10109101232965607,
  "detection_rate_given_ai_high": 0.05014215559576118,
  "candidate_welfare": 0.81504085,
  "firm_welfare": -0.09318280000000002,
  "total_welfare": 0.72185805,
  "firm_policy_lowverify": 0.9921800000000001,
  "firm_policy_baseverify": 0.00404,
  "firm_policy_highverify": 0.0037800000000000004,
  "firm_suspicion_10": 0.023080000000000003,
  "firm_suspicion_50": 0.31048000000000003,
  "firm_suspicion_90": 0.6664399999999999,
  "separating_index": 0.4300768387911091,
  "eval_seed": 10045,
  "training_seed": 46,
  "training_seed_idx": 4
}