{
  "ai_adoption_overall": 0.00176,
  "ai_adoption_low": 0.0015372790161414297,
  "ai_adoption_medium": 0.001402777499448909,
  "ai_adoption_high": 0.002973830293417922,
  "correct_match_rate": 0.9067,
  "overoffer_rate": 0.00152,
  "underoffer_rate": 0.09178,
  "detection_rate_given_ai": 0.21022727272727273,
  "detection_rate_given_ai_low": 0.41304347826086957,
  "detection_rate_given_ai_medium": 0.12857142857142856,
  "detection_rate_given_ai_high": 0.15,
  "candidate_welfare": 0.8116078,
  "firm_welfare": -0.17330000000000004,
  "total_welfare": 0.6383078,
  "firm_policy_lowverify": 0.0,
  "firm_policy_baseverify": 1.0,
  "firm_policy_highverify": 0.0,
  "firm_suspicion_10": 0.0,
  "firm_suspicion_50": 1.0,
  "firm_suspicion_90": 0.0,
  "separating_index": 0.0007110225118857703,
  "eval_seed": 10042,
  "training_seed": 43,
  "training_seed_idx": 1
}