{
  "regret": {
    "r_max": 0.11549999999999999,
    "r_firm": 0.11549999999999999,
    "r_candidate_low": 0.00039029255319148956,
    "r_candidate_medium": 0.00022273936170214004,
    "r_candidate_high": 0.00011968085106373039
  },
  "convergence": {
    "is_strategy_stable": true,
    "max_delta": 4.344407227355879e-06,
    "flips_in_window": 0,
    "br_flips_total": {
      "candidate_low": 0,
      "candidate_medium": 0,
      "candidate_high": 2,
      "firm": 0
    }
  },
  "training_seed": 43,
  "degenerate_posterior_train": 0,
  "degenerate_posterior_eval": 0
}