{
  "ai_adoption_overall": 0.99823,
  "ai_adoption_low": 0.9971135127878096,
  "ai_adoption_medium": 0.9990624189590855,
  "ai_adoption_high": 0.997808437515565,
  "correct_match_rate": 0.90502,
  "overoffer_rate": 0.05585,
  "underoffer_rate": 0.03913,
  "detection_rate_given_ai": 0.11372128667741903,
  "detection_rate_given_ai_low": 0.17813383600377003,
  "detection_rate_given_ai_medium": 0.10161335409927719,
  "detection_rate_given_ai_high": 0.04847002445964159,
  "candidate_welfare": 0.8854506000000001,
  "firm_welfare": -0.11592320000000002,
  "total_welfare": 0.7695274000000001,
  "firm_policy_lowverify": 0.99224,
  "firm_policy_baseverify": 0.00378,
  "firm_policy_highverify": 0.00398,
  "firm_suspicion_10": 0.0042699999999999995,
  "firm_suspicion_50": 0.00778,
  "firm_suspicion_90": 0.98795,
  "separating_index": 0.0008064755353716788,
  "eval_seed": 10044,
  "training_seed": 45,
  "training_seed_idx": 3
}