{
  "ai_adoption_overall": 0.70879,
  "ai_adoption_low": 0.06951063972611936,
  "ai_adoption_medium": 0.9877117038041852,
  "ai_adoption_high": 0.9610499576629975,
  "correct_match_rate": 0.92654,
  "overoffer_rate": 0.03857,
  "underoffer_rate": 0.03489,
  "detection_rate_given_ai": 0.0891519349877961,
  "detection_rate_given_ai_low": 0.17720907774022213,
  "detection_rate_given_ai_medium": 0.10158948155029993,
  "detection_rate_given_ai_high": 0.0477844001036538,
  "candidate_welfare": 0.8176675499999999,
  "firm_welfare": -0.09440320000000002,
  "total_welfare": 0.7232643499999999,
  "firm_policy_lowverify": 0.99224,
  "firm_policy_baseverify": 0.00378,
  "firm_policy_highverify": 0.00398,
  "firm_suspicion_10": 0.02553,
  "firm_suspicion_50": 0.30532,
  "firm_suspicion_90": 0.66915,
  "separating_index": 0.4266987485606135,
  "eval_seed": 10044,
  "training_seed": 45,
  "training_seed_idx": 3
}