{
  "ai_adoption_overall": 0.00118,
  "ai_adoption_low": 0.00099930048965724,
  "ai_adoption_medium": 0.0011811338885329918,
  "ai_adoption_high": 0.0014480451390622658,
  "correct_match_rate": 0.96918,
  "overoffer_rate": 0.01516,
  "underoffer_rate": 0.01566,
  "detection_rate_given_ai": 0.1016949152542373,
  "detection_rate_given_ai_low": 0.23333333333333334,
  "detection_rate_given_ai_medium": 0.06779661016949153,
  "detection_rate_given_ai_high": 0.034482758620689655,
  "candidate_welfare": 0.8992806,
  "firm_welfare": -0.05174280000000001,
  "total_welfare": 0.8475378,
  "firm_policy_lowverify": 0.99218,
  "firm_policy_baseverify": 0.00404,
  "firm_policy_highverify": 0.0037800000000000004,
  "firm_suspicion_10": 0.9922700000000001,
  "firm_suspicion_50": 0.0038599999999999997,
  "firm_suspicion_90": 0.00387,
  "separating_index": 0.0001842934739832847,
  "eval_seed": 10045,
  "training_seed": 46,
  "training_seed_idx": 4
}