{
  "sigma_candidate": {
    "0": {
      "0": 0.9268617021276596,
      "1": 0.07313829787234043
    },
    "1": {
      "0": 0.014627659574468085,
      "1": 0.9853723404255319
    },
    "2": {
      "0": 0.03856382978723404,
      "1": 0.961436170212766
    }
  },
  "sigma_firm_joint": {
    "LowVerify|sus=0.10": 0.022397891963109356,
    "LowVerify|sus=0.50": 0.25559947299077734,
    "LowVerify|sus=0.90": 0.7140974967061924,
    "BaseVerify|sus=0.10": 0.0013175230566534915,
    "BaseVerify|sus=0.50": 0.0013175230566534915,
    "BaseVerify|sus=0.90": 0.0013175230566534915,
    "HighVerify|sus=0.10": 0.0013175230566534915,
    "HighVerify|sus=0.50": 0.0013175230566534915,
    "HighVerify|sus=0.90": 0.0013175230566534915
  },
  "counts_candidate": [
    [
      697.0,
      55.0
    ],
    [
      11.0,
      741.0
    ],
    [
      29.0,
      723.0
    ]
  ],
  "counts_firm": [
    17.0,
    194.0,
    542.0,
    1.0,
    1.0,
    1.0,
    1.0,
    1.0,
    1.0
  ],
  "firm_joint_action_labels": [
    "LowVerify|sus=0.10",
    "LowVerify|sus=0.50",
    "LowVerify|sus=0.90",
    "BaseVerify|sus=0.10",
    "BaseVerify|sus=0.50",
    "BaseVerify|sus=0.90",
    "HighVerify|sus=0.10",
    "HighVerify|sus=0.50",
    "HighVerify|sus=0.90"
  ]
}