{
  "regret": {
    "r_max": 0.0070616520197348135,
    "r_firm": 0.006476943346508557,
    "r_candidate_low": 0.0070616520197348135,
    "r_candidate_medium": 0.004252919750231343,
    "r_candidate_high": 0.005530607006699828
  },
  "convergence": {
    "is_strategy_stable": false,
    "max_delta": 0.0010991296081751811,
    "flips_in_window": 36,
    "br_flips_total": {
      "candidate_low": 2,
      "candidate_medium": 1,
      "candidate_high": 1,
      "firm": 239
    }
  },
  "training_seed": 43,
  "degenerate_posterior_train": 0,
  "degenerate_posterior_eval": 0
}