{
  "ai_adoption_overall": {
    "mean": 0.718629,
    "se": 0.0002796078329194031,
    "ci_lo": 0.718080968647478,
    "ci_hi": 0.719177031352522
  },
  "ai_adoption_low": {
    "mean": 0.07067806818449333,
    "se": 0.000234275370897397,
    "ci_lo": 0.07021888845753443,
    "ci_hi": 0.07113724791145223
  },
  "ai_adoption_medium": {
    "mean": 0.9965112410965885,
    "se": 3.552868955762481e-05,
    "ci_lo": 0.9964416048650555,
    "ci_hi": 0.9965808773281215
  },
  "ai_adoption_high": {
    "mean": 0.9955518580645645,
    "se": 9.571342854789026e-05,
    "ci_lo": 0.9953642597446106,
    "ci_hi": 0.9957394563845183
  },
  "correct_match_rate": {
    "mean": 0.9421703333333333,
    "se": 0.0001578748837757385,
    "ci_lo": 0.9418608985611329,
    "ci_hi": 0.9424797681055338
  },
  "overoffer_rate": {
    "mean": 0.026863999999999996,
    "se": 0.00010612246233241217,
    "ci_lo": 0.02665599997382847,
    "ci_hi": 0.027072000026171522
  },
  "underoffer_rate": {
    "mean": 0.030965666666666662,
    "se": 0.00011108212073908535,
    "ci_lo": 0.030747945710018054,
    "ci_hi": 0.03118338762331527
  },
  "detection_rate_given_ai": {
    "mean": 0.0886892322035931,
    "se": 0.00019117568807984635,
    "ci_lo": 0.0883145278549566,
    "ci_hi": 0.08906393655222959
  },
  "detection_rate_given_ai_low": {
    "mean": 0.1740120293575465,
    "se": 0.0012638554886353036,
    "ci_lo": 0.1715348725998213,
    "ci_hi": 0.1764891861152717
  },
  "detection_rate_given_ai_medium": {
    "mean": 0.10051184072615843,
    "se": 0.00026625659379839243,
    "ci_lo": 0.09998997780231358,
    "ci_hi": 0.10103370365000328
  },
  "detection_rate_given_ai_high": {
    "mean": 0.0499140670043372,
    "se": 0.0003055889736437457,
    "ci_lo": 0.04931511261599546,
    "ci_hi": 0.050513021392678936
  },
  "candidate_welfare": {
    "mean": 0.8074775200000001,
    "se": 0.00042358268982383205,
    "ci_lo": 0.8066472979279453,
    "ci_hi": 0.8083077420720548
  },
  "firm_welfare": {
    "mean": -0.07795120666666668,
    "se": 0.00015783660822198125,
    "ci_lo": -0.07826056641878176,
    "ci_hi": -0.07764184691455159
  },
  "total_welfare": {
    "mean": 0.7295263133333332,
    "se": 0.0004712646570051152,
    "ci_lo": 0.7286026346056031,
    "ci_hi": 0.7304499920610632
  },
  "firm_policy_lowverify": {
    "mean": 0.9989903333333334,
    "se": 1.7237244714977575e-05,
    "ci_lo": 0.9989565483336921,
    "ci_hi": 0.9990241183329748
  },
  "firm_policy_baseverify": {
    "mean": 0.0005016666666666666,
    "se": 1.112192959911466e-05,
    "ci_lo": 0.0004798676846524019,
    "ci_hi": 0.0005234656486809314
  },
  "firm_policy_highverify": {
    "mean": 0.000508,
    "se": 1.2842100304462856e-05,
    "ci_lo": 0.0004828294834032528,
    "ci_hi": 0.0005331705165967472
  },
  "separating_index": {
    "mean": 0.43621604719973506,
    "se": 0.00011729761215749832,
    "ci_lo": 0.43598614387990636,
    "ci_hi": 0.43644595051956375
  }
}