{
  "sigma_candidate": {
    "0": {
      "0": 0.929070929070929,
      "1": 0.07092907092907093
    },
    "1": {
      "0": 0.0034965034965034965,
      "1": 0.9965034965034965
    },
    "2": {
      "0": 0.004495504495504496,
      "1": 0.9955044955044955
    }
  },
  "sigma_firm": {
    "LowVerify": 0.99900149775337,
    "BaseVerify": 0.0004992511233150275,
    "HighVerify": 0.0004992511233150275
  },
  "counts_candidate": [
    [
      1860.0,
      142.0
    ],
    [
      7.0,
      1995.0
    ],
    [
      9.0,
      1993.0
    ]
  ],
  "counts_firm": [
    2001.0,
    1.0,
    1.0
  ]
}