{
  "sigma_candidate": {
    "0": {
      "0": 0.9202127659574468,
      "1": 0.0797872340425532
    },
    "1": {
      "0": 0.014627659574468085,
      "1": 0.9853723404255319
    },
    "2": {
      "0": 0.03590425531914894,
      "1": 0.964095744680851
    }
  },
  "sigma_firm_joint": {
    "LowVerify|sus=0.10": 0.022397891963109356,
    "LowVerify|sus=0.50": 0.23715415019762845,
    "LowVerify|sus=0.90": 0.7325428194993412,
    "BaseVerify|sus=0.10": 0.0013175230566534915,
    "BaseVerify|sus=0.50": 0.0013175230566534915,
    "BaseVerify|sus=0.90": 0.0013175230566534915,
    "HighVerify|sus=0.10": 0.0013175230566534915,
    "HighVerify|sus=0.50": 0.0013175230566534915,
    "HighVerify|sus=0.90": 0.0013175230566534915
  },
  "counts_candidate": [
    [
      692.0,
      60.0
    ],
    [
      11.0,
      741.0
    ],
    [
      27.0,
      725.0
    ]
  ],
  "counts_firm": [
    17.0,
    180.0,
    556.0,
    1.0,
    1.0,
    1.0,
    1.0,
    1.0,
    1.0
  ],
  "firm_joint_action_labels": [
    "LowVerify|sus=0.10",
    "LowVerify|sus=0.50",
    "LowVerify|sus=0.90",
    "BaseVerify|sus=0.10",
    "BaseVerify|sus=0.50",
    "BaseVerify|sus=0.90",
    "HighVerify|sus=0.10",
    "HighVerify|sus=0.50",
    "HighVerify|sus=0.90"
  ]
}