{
  "ai_adoption_overall": {
    "mean": 0.7086020000000001,
    "se": 0.0005449532090005569,
    "ci_lo": 0.7070889673303087,
    "ci_hi": 0.7101150326696914,
    "n": 5,
    "t_crit": 2.7764451051977987
  },
  "ai_adoption_low": {
    "mean": 0.06786014982504557,
    "se": 0.004256360086659918,
    "ci_lo": 0.05604259969647936,
    "ci_hi": 0.07967769995361178,
    "n": 5,
    "t_crit": 2.7764451051977987
  },
  "ai_adoption_medium": {
    "mean": 0.9875091235911502,
    "se": 0.0008105020847227428,
    "ci_lo": 0.9852588090452691,
    "ci_hi": 0.9897594381370313,
    "n": 5,
    "t_crit": 2.7764451051977987
  },
  "ai_adoption_high": {
    "mean": 0.9709082456582483,
    "se": 0.0009429776764483249,
    "ci_lo": 0.9682901199041626,
    "ci_hi": 0.973526371412334,
    "n": 5,
    "t_crit": 2.7764451051977987
  },
  "correct_match_rate": {
    "mean": 0.9271420000000001,
    "se": 0.0004728995665043613,
    "ci_lo": 0.9258290203133289,
    "ci_hi": 0.9284549796866713,
    "n": 5,
    "t_crit": 2.7764451051977987
  },
  "overoffer_rate": {
    "mean": 0.036834,
    "se": 0.00037773800444223187,
    "ci_lo": 0.03578523116651918,
    "ci_hi": 0.037882768833480816,
    "n": 5,
    "t_crit": 2.7764451051977987
  },
  "underoffer_rate": {
    "mean": 0.036024,
    "se": 0.0007707697451249622,
    "ci_lo": 0.033884000113913244,
    "ci_hi": 0.03816399988608676,
    "n": 5,
    "t_crit": 2.7764451051977987
  },
  "detection_rate_given_ai": {
    "mean": 0.08925918234913557,
    "se": 0.0007513319691913762,
    "ci_lo": 0.08717315038089556,
    "ci_hi": 0.09134521431737559,
    "n": 5,
    "t_crit": 2.7764451051977987
  },
  "detection_rate_given_ai_low": {
    "mean": 0.1758180656097549,
    "se": 0.002455478492171925,
    "ci_lo": 0.1690005643692457,
    "ci_hi": 0.1826355668502641,
    "n": 5,
    "t_crit": 2.7764451051977987
  },
  "detection_rate_given_ai_medium": {
    "mean": 0.10118515131471266,
    "se": 0.0007234415215344882,
    "ci_lo": 0.09917655564335139,
    "ci_hi": 0.10319374698607393,
    "n": 5,
    "t_crit": 2.7764451051977987
  },
  "detection_rate_given_ai_high": {
    "mean": 0.05004453095777622,
    "se": 0.0008768716743757049,
    "ci_lo": 0.0476099448895692,
    "ci_hi": 0.05247911702598325,
    "n": 5,
    "t_crit": 2.7764451051977987
  },
  "candidate_welfare": {
    "mean": 0.81297359,
    "se": 0.002162429632346458,
    "ci_lo": 0.806969722831937,
    "ci_hi": 0.818977457168063,
    "n": 5,
    "t_crit": 2.7764451051977987
  },
  "firm_welfare": {
    "mean": -0.09380984000000002,
    "se": 0.00048114447892498916,
    "ci_lo": -0.09514571123340425,
    "ci_hi": -0.09247396876659579,
    "n": 5,
    "t_crit": 2.7764451051977987
  },
  "total_welfare": {
    "mean": 0.7191637499999999,
    "se": 0.002554327760341267,
    "ci_lo": 0.7120717991927296,
    "ci_hi": 0.7262557008072702,
    "n": 5,
    "t_crit": 2.7764451051977987
  },
  "firm_policy_lowverify": {
    "mean": 0.9920640000000001,
    "se": 8.930845424706472e-05,
    "ci_lo": 0.991816039979353,
    "ci_hi": 0.9923119600206471,
    "n": 5,
    "t_crit": 2.7764451051977987
  },
  "firm_policy_baseverify": {
    "mean": 0.003972000000000001,
    "se": 7.57231800705702e-05,
    "ci_lo": 0.0037617587473430547,
    "ci_hi": 0.004182241252656947,
    "n": 5,
    "t_crit": 2.7764451051977987
  },
  "firm_policy_highverify": {
    "mean": 0.003964,
    "se": 4.739198244429108e-05,
    "ci_lo": 0.0038324187623169277,
    "ci_hi": 0.004095581237683072,
    "n": 5,
    "t_crit": 2.7764451051977987
  },
  "firm_suspicion_10": {
    "mean": 0.022482,
    "se": 0.000741582092556178,
    "ci_lo": 0.020423038029020058,
    "ci_hi": 0.02454096197097994,
    "n": 5,
    "t_crit": 2.7764451051977987
  },
  "firm_suspicion_50": {
    "mean": 0.268506,
    "se": 0.01759161408171518,
    "ci_lo": 0.21966384919029325,
    "ci_hi": 0.3173481508097068,
    "n": 5,
    "t_crit": 2.7764451051977987
  },
  "firm_suspicion_90": {
    "mean": 0.709012,
    "se": 0.01723062894963503,
    "ci_lo": 0.6611721045933063,
    "ci_hi": 0.7568518954066936,
    "n": 5,
    "t_crit": 2.7764451051977987
  },
  "separating_index": {
    "mean": 0.4296679746937449,
    "se": 0.002340306047187852,
    "ci_lo": 0.4231702434243654,
    "ci_hi": 0.43616570596312443,
    "n": 5,
    "t_crit": 2.7764451051977987
  }
}