{
  "note": "Mean of per-seed normalised counts. Use seeds/seed_<k>/ for individual runs.",
  "sigma_candidate_mean": {
    "0": {
      "0": 0.9321808510638298,
      "1": 0.0678191489361702
    },
    "1": {
      "0": 0.0125,
      "1": 0.9875
    },
    "2": {
      "0": 0.028191489361702127,
      "1": 0.9718085106382978
    }
  },
  "sigma_firm_joint_mean": {
    "LowVerify|sus=0.10": 0.020026350461133068,
    "LowVerify|sus=0.50": 0.26666666666666666,
    "LowVerify|sus=0.90": 0.7054018445322793,
    "BaseVerify|sus=0.10": 0.0013175230566534915,
    "BaseVerify|sus=0.50": 0.0013175230566534915,
    "BaseVerify|sus=0.90": 0.0013175230566534915,
    "HighVerify|sus=0.10": 0.0013175230566534915,
    "HighVerify|sus=0.50": 0.0013175230566534915,
    "HighVerify|sus=0.90": 0.0013175230566534915
  },
  "per_seed_sigma_candidate": [
    [
      [
        0.913563829787234,
        0.08643617021276596
      ],
      [
        0.014627659574468085,
        0.9853723404255319
      ],
      [
        0.031914893617021274,
        0.9680851063829787
      ]
    ],
    [
      [
        0.9388297872340425,
        0.061170212765957445
      ],
      [
        0.011968085106382979,
        0.988031914893617
      ],
      [
        0.026595744680851064,
        0.973404255319149
      ]
    ],
    [
      [
        0.9348404255319149,
        0.06515957446808511
      ],
      [
        0.011968085106382979,
        0.988031914893617
      ],
      [
        0.026595744680851064,
        0.973404255319149
      ]
    ],
    [
      [
        0.9375,
        0.0625
      ],
      [
        0.011968085106382979,
        0.988031914893617
      ],
      [
        0.027925531914893616,
        0.9720744680851063
      ]
    ],
    [
      [
        0.9361702127659575,
        0.06382978723404255
      ],
      [
        0.011968085106382979,
        0.988031914893617
      ],
      [
        0.027925531914893616,
        0.9720744680851063
      ]
    ]
  ],
  "per_seed_sigma_firm_joint": [
    [
      0.022397891963109356,
      0.1976284584980237,
      0.7720685111989459,
      0.0013175230566534915,
      0.0013175230566534915,
      0.0013175230566534915,
      0.0013175230566534915,
      0.0013175230566534915,
      0.0013175230566534915
    ],
    [
      0.01844532279314888,
      0.2859025032938076,
      0.6877470355731226,
      0.0013175230566534915,
      0.0013175230566534915,
      0.0013175230566534915,
      0.0013175230566534915,
      0.0013175230566534915,
      0.0013175230566534915
    ],
    [
      0.01844532279314888,
      0.26745718050065875,
      0.7061923583662714,
      0.0013175230566534915,
      0.0013175230566534915,
      0.0013175230566534915,
      0.0013175230566534915,
      0.0013175230566534915,
      0.0013175230566534915
    ],
    [
      0.021080368906455864,
      0.2977602108036891,
      0.6732542819499341,
      0.0013175230566534915,
      0.0013175230566534915,
      0.0013175230566534915,
      0.0013175230566534915,
      0.0013175230566534915,
      0.0013175230566534915
    ],
    [
      0.019762845849802372,
      0.2845849802371542,
      0.6877470355731226,
      0.0013175230566534915,
      0.0013175230566534915,
      0.0013175230566534915,
      0.0013175230566534915,
      0.0013175230566534915,
      0.0013175230566534915
    ]
  ],
  "firm_joint_action_labels": [
    "LowVerify|sus=0.10",
    "LowVerify|sus=0.50",
    "LowVerify|sus=0.90",
    "BaseVerify|sus=0.10",
    "BaseVerify|sus=0.50",
    "BaseVerify|sus=0.90",
    "HighVerify|sus=0.10",
    "HighVerify|sus=0.50",
    "HighVerify|sus=0.90"
  ]
}