{
  "ai_adoption_overall": 0.0013,
  "ai_adoption_low": 0.0010681977501084889,
  "ai_adoption_medium": 0.00148014801480148,
  "ai_adoption_high": 0.0011971268954509178,
  "correct_match_rate": 0.96753,
  "overoffer_rate": 0.01599,
  "underoffer_rate": 0.01648,
  "detection_rate_given_ai": 0.14615384615384616,
  "detection_rate_given_ai_low": 0.125,
  "detection_rate_given_ai_medium": 0.1891891891891892,
  "detection_rate_given_ai_high": 0.041666666666666664,
  "candidate_welfare": 0.9000999000000002,
  "firm_welfare": -0.05344080000000002,
  "total_welfare": 0.8466591000000001,
  "firm_policy_lowverify": 0.9919000000000001,
  "firm_policy_baseverify": 0.004059999999999999,
  "firm_policy_highverify": 0.00404,
  "firm_suspicion_10": 0.99178,
  "firm_suspicion_50": 0.0039299999999999995,
  "firm_suspicion_90": 0.0042899999999999995,
  "separating_index": 0.00017205512653339396,
  "eval_seed": 10043,
  "training_seed": 44,
  "training_seed_idx": 2
}