{
  "ai_adoption_overall": 0.99859,
  "ai_adoption_low": 0.9983958827657655,
  "ai_adoption_medium": 0.9988376986433137,
  "ai_adoption_high": 0.9982652656621729,
  "correct_match_rate": 0.90393,
  "overoffer_rate": 0.05607,
  "underoffer_rate": 0.04,
  "detection_rate_given_ai": 0.0,
  "detection_rate_given_ai_low": 0.0,
  "detection_rate_given_ai_medium": 0.0,
  "detection_rate_given_ai_high": 0.0,
  "candidate_welfare": 0.9984198999999999,
  "firm_welfare": -0.11701680000000002,
  "total_welfare": 0.8814030999999999,
  "firm_policy_lowverify": 0.9922,
  "firm_policy_baseverify": 0.00381,
  "firm_policy_highverify": 0.0039900000000000005,
  "firm_suspicion_10": 0.0039,
  "firm_suspicion_50": 0.00688,
  "firm_suspicion_90": 0.98922,
  "separating_index": 0.0002449357320020506,
  "eval_seed": 10042,
  "training_seed": 43,
  "training_seed_idx": 1
}