{
  "regret": {
    "r_max": 0.0027345191040843153,
    "r_firm": 0.0027345191040843153,
    "r_candidate_low": 0.0002764038979059802,
    "r_candidate_medium": 0.0008254150548034911,
    "r_candidate_high": 0.00038343337398027977
  },
  "convergence": {
    "is_strategy_stable": true,
    "max_delta": 1.7024536613341468e-05,
    "flips_in_window": 0,
    "br_flips_total": {
      "candidate_low": 0,
      "candidate_medium": 0,
      "candidate_high": 0,
      "firm": 1
    }
  },
  "training_seed": 43,
  "degenerate_posterior_train": 0,
  "degenerate_posterior_eval": 0
}