{
  "ai_adoption_overall": {
    "mean": 0.998274,
    "se": 0.00018301912468373673,
    "ci_lo": 0.9977658574471142,
    "ci_hi": 0.9987821425528858,
    "n": 5,
    "t_crit": 2.7764451051977987
  },
  "ai_adoption_low": {
    "mean": 0.9973409121053327,
    "se": 0.0005778867359453344,
    "ci_lo": 0.9957364413059585,
    "ci_hi": 0.9989453829047069,
    "n": 5,
    "t_crit": 2.7764451051977987
  },
  "ai_adoption_medium": {
    "mean": 0.99873126157373,
    "se": 0.00010291932525225823,
    "ci_lo": 0.9984455117169031,
    "ci_hi": 0.999017011430557,
    "n": 5,
    "t_crit": 2.7764451051977987
  },
  "ai_adoption_high": {
    "mean": 0.9985251886792319,
    "se": 0.00022108931659101726,
    "ci_lo": 0.9979113463283712,
    "ci_hi": 0.9991390310300926,
    "n": 5,
    "t_crit": 2.7764451051977987
  },
  "correct_match_rate": {
    "mean": 0.904778,
    "se": 0.00032385799357125054,
    "ci_lo": 0.9038788260589699,
    "ci_hi": 0.9056771739410301,
    "n": 5,
    "t_crit": 2.7764451051977987
  },
  "overoffer_rate": {
    "mean": 0.055896,
    "se": 0.00018018324006410758,
    "ci_lo": 0.05539573112508533,
    "ci_hi": 0.056396268874914675,
    "n": 5,
    "t_crit": 2.7764451051977987
  },
  "underoffer_rate": {
    "mean": 0.03932599999999999,
    "se": 0.0002303605869067011,
    "ci_lo": 0.03868641647605239,
    "ci_hi": 0.03996558352394759,
    "n": 5,
    "t_crit": 2.7764451051977987
  },
  "detection_rate_given_ai": {
    "mean": 0.11358187979276639,
    "se": 0.00044717858499417236,
    "ci_lo": 0.11234031299931005,
    "ci_hi": 0.11482344658622273,
    "n": 5,
    "t_crit": 2.7764451051977987
  },
  "detection_rate_given_ai_low": {
    "mean": 0.17670693353858263,
    "se": 0.0006817904632373112,
    "ci_lo": 0.17481397974415686,
    "ci_hi": 0.1785998873330084,
    "n": 5,
    "t_crit": 2.7764451051977987
  },
  "detection_rate_given_ai_medium": {
    "mean": 0.10115359958275857,
    "se": 0.0007491048065607062,
    "ci_lo": 0.09907375120930295,
    "ci_hi": 0.1032334479562142,
    "n": 5,
    "t_crit": 2.7764451051977987
  },
  "detection_rate_given_ai_high": {
    "mean": 0.050356305826477356,
    "se": 0.0008068126204358955,
    "ci_lo": 0.048116234875656305,
    "ci_hi": 0.052596376777298406,
    "n": 5,
    "t_crit": 2.7764451051977987
  },
  "candidate_welfare": {
    "mean": 0.8832650700000002,
    "se": 0.0007655844053074744,
    "ci_lo": 0.8811394669252685,
    "ci_hi": 0.885390673074732,
    "n": 5,
    "t_crit": 2.7764451051977987
  },
  "firm_welfare": {
    "mean": -0.11617384,
    "se": 0.0003314204725118853,
    "ci_lo": -0.11709401074866796,
    "ci_hi": -0.11525366925133204,
    "n": 5,
    "t_crit": 2.7764451051977987
  },
  "total_welfare": {
    "mean": 0.7670912300000001,
    "se": 0.0008058845274913698,
    "ci_lo": 0.7648537358482921,
    "ci_hi": 0.7693287241517082,
    "n": 5,
    "t_crit": 2.7764451051977987
  },
  "firm_policy_lowverify": {
    "mean": 0.9920640000000001,
    "se": 8.930845424705752e-05,
    "ci_lo": 0.9918160399793531,
    "ci_hi": 0.992311960020647,
    "n": 5,
    "t_crit": 2.7764451051977987
  },
  "firm_policy_baseverify": {
    "mean": 0.003972000000000001,
    "se": 7.57231800705702e-05,
    "ci_lo": 0.0037617587473430547,
    "ci_hi": 0.004182241252656947,
    "n": 5,
    "t_crit": 2.7764451051977987
  },
  "firm_policy_highverify": {
    "mean": 0.003964,
    "se": 4.739198244429108e-05,
    "ci_lo": 0.0038324187623169277,
    "ci_hi": 0.004095581237683072,
    "n": 5,
    "t_crit": 2.7764451051977987
  },
  "firm_suspicion_10": {
    "mean": 0.004064,
    "se": 6.54675492133316e-05,
    "ci_lo": 0.0038822329434373493,
    "ci_hi": 0.0042457670565626505,
    "n": 5,
    "t_crit": 2.7764451051977987
  },
  "firm_suspicion_50": {
    "mean": 0.007091999999999999,
    "se": 0.00032789327531988186,
    "ci_lo": 0.006181622320710839,
    "ci_hi": 0.00800237767928916,
    "n": 5,
    "t_crit": 2.7764451051977987
  },
  "firm_suspicion_90": {
    "mean": 0.988844,
    "se": 0.0003556346439817144,
    "ci_lo": 0.9878565999334782,
    "ci_hi": 0.9898314000665217,
    "n": 5,
    "t_crit": 2.7764451051977987
  },
  "separating_index": {
    "mean": 0.0006743636865346315,
    "se": 0.00024351955937943528,
    "ci_lo": -1.7550021243261998e-06,
    "ci_hi": 0.0013504823751935894,
    "n": 5,
    "t_crit": 2.7764451051977987
  }
}