{
  "note": "Mean of per-seed normalised counts. Use seeds/seed_<k>/ for individual runs.",
  "sigma_candidate_mean": {
    "0": {
      "0": 0.0026595744680851063,
      "1": 0.9973404255319149
    },
    "1": {
      "0": 0.0013297872340425532,
      "1": 0.9986702127659575
    },
    "2": {
      "0": 0.0013297872340425532,
      "1": 0.9986702127659575
    }
  },
  "sigma_firm_joint_mean": {
    "LowVerify|sus=0.10": 0.0013175230566534915,
    "LowVerify|sus=0.50": 0.0044795783926218705,
    "LowVerify|sus=0.90": 0.9862977602108037,
    "BaseVerify|sus=0.10": 0.0013175230566534915,
    "BaseVerify|sus=0.50": 0.0013175230566534915,
    "BaseVerify|sus=0.90": 0.0013175230566534915,
    "HighVerify|sus=0.10": 0.0013175230566534915,
    "HighVerify|sus=0.50": 0.0013175230566534915,
    "HighVerify|sus=0.90": 0.0013175230566534915
  },
  "per_seed_sigma_candidate": [
    [
      [
        0.0013297872340425532,
        0.9986702127659575
      ],
      [
        0.0013297872340425532,
        0.9986702127659575
      ],
      [
        0.0013297872340425532,
        0.9986702127659575
      ]
    ],
    [
      [
        0.003989361702127659,
        0.9960106382978723
      ],
      [
        0.0013297872340425532,
        0.9986702127659575
      ],
      [
        0.0013297872340425532,
        0.9986702127659575
      ]
    ],
    [
      [
        0.0026595744680851063,
        0.9973404255319149
      ],
      [
        0.0013297872340425532,
        0.9986702127659575
      ],
      [
        0.0013297872340425532,
        0.9986702127659575
      ]
    ],
    [
      [
        0.0026595744680851063,
        0.9973404255319149
      ],
      [
        0.0013297872340425532,
        0.9986702127659575
      ],
      [
        0.0013297872340425532,
        0.9986702127659575
      ]
    ],
    [
      [
        0.0026595744680851063,
        0.9973404255319149
      ],
      [
        0.0013297872340425532,
        0.9986702127659575
      ],
      [
        0.0013297872340425532,
        0.9986702127659575
      ]
    ]
  ],
  "per_seed_sigma_firm_joint": [
    [
      0.0013175230566534915,
      0.003952569169960474,
      0.9868247694334651,
      0.0013175230566534915,
      0.0013175230566534915,
      0.0013175230566534915,
      0.0013175230566534915,
      0.0013175230566534915,
      0.0013175230566534915
    ],
    [
      0.0013175230566534915,
      0.003952569169960474,
      0.9868247694334651,
      0.0013175230566534915,
      0.0013175230566534915,
      0.0013175230566534915,
      0.0013175230566534915,
      0.0013175230566534915,
      0.0013175230566534915
    ],
    [
      0.0013175230566534915,
      0.005270092226613966,
      0.9855072463768116,
      0.0013175230566534915,
      0.0013175230566534915,
      0.0013175230566534915,
      0.0013175230566534915,
      0.0013175230566534915,
      0.0013175230566534915
    ],
    [
      0.0013175230566534915,
      0.005270092226613966,
      0.9855072463768116,
      0.0013175230566534915,
      0.0013175230566534915,
      0.0013175230566534915,
      0.0013175230566534915,
      0.0013175230566534915,
      0.0013175230566534915
    ],
    [
      0.0013175230566534915,
      0.003952569169960474,
      0.9868247694334651,
      0.0013175230566534915,
      0.0013175230566534915,
      0.0013175230566534915,
      0.0013175230566534915,
      0.0013175230566534915,
      0.0013175230566534915
    ]
  ],
  "firm_joint_action_labels": [
    "LowVerify|sus=0.10",
    "LowVerify|sus=0.50",
    "LowVerify|sus=0.90",
    "BaseVerify|sus=0.10",
    "BaseVerify|sus=0.50",
    "BaseVerify|sus=0.90",
    "HighVerify|sus=0.10",
    "HighVerify|sus=0.50",
    "HighVerify|sus=0.90"
  ]
}