{
  "ai_adoption_overall": 0.99873,
  "ai_adoption_low": 0.9987917030274552,
  "ai_adoption_medium": 0.9990624189590855,
  "ai_adoption_high": 0.997808437515565,
  "correct_match_rate": 0.90419,
  "overoffer_rate": 0.05625,
  "underoffer_rate": 0.03956,
  "detection_rate_given_ai": 0.0,
  "detection_rate_given_ai_low": 0.0,
  "detection_rate_given_ai_medium": 0.0,
  "detection_rate_given_ai_high": 0.0,
  "candidate_welfare": 0.9993601,
  "firm_welfare": -0.11675320000000002,
  "total_welfare": 0.8826069,
  "firm_policy_lowverify": 0.99224,
  "firm_policy_baseverify": 0.00378,
  "firm_policy_highverify": 0.00398,
  "firm_suspicion_10": 0.0042699999999999995,
  "firm_suspicion_50": 0.0065,
  "firm_suspicion_90": 0.9892299999999999,
  "separating_index": 0.0005387813041387394,
  "eval_seed": 10044,
  "training_seed": 45,
  "training_seed_idx": 3
}