{
  "regret": {
    "r_max": 0.0027121212121212213,
    "r_firm": 0.0027121212121212213,
    "r_candidate_low": 0.0002775970271633732,
    "r_candidate_medium": 0.0008385009320774905,
    "r_candidate_high": 0.00036317908502225826
  },
  "convergence": {
    "is_strategy_stable": true,
    "max_delta": 1.7024536613341468e-05,
    "flips_in_window": 0,
    "br_flips_total": {
      "candidate_low": 0,
      "candidate_medium": 0,
      "candidate_high": 0,
      "firm": 1
    }
  },
  "training_seed": 45,
  "degenerate_posterior_train": 0,
  "degenerate_posterior_eval": 0
}