{
  "ai_adoption_overall": 0.00118,
  "ai_adoption_low": 0.00099930048965724,
  "ai_adoption_medium": 0.0011811338885329918,
  "ai_adoption_high": 0.0014480451390622658,
  "correct_match_rate": 0.90789,
  "overoffer_rate": 0.00186,
  "underoffer_rate": 0.09025,
  "detection_rate_given_ai": 0.1694915254237288,
  "detection_rate_given_ai_low": 0.3,
  "detection_rate_given_ai_medium": 0.1694915254237288,
  "detection_rate_given_ai_high": 0.034482758620689655,
  "candidate_welfare": 0.8112073000000003,
  "firm_welfare": -0.17211000000000004,
  "total_welfare": 0.6390973000000002,
  "firm_policy_lowverify": 0.0,
  "firm_policy_baseverify": 1.0,
  "firm_policy_highverify": 0.0,
  "firm_suspicion_10": 0.0,
  "firm_suspicion_50": 1.0,
  "firm_suspicion_90": 0.0,
  "separating_index": 0.0001842934739832847,
  "eval_seed": 10045,
  "training_seed": 46,
  "training_seed_idx": 4
}