{
  "ai_adoption_overall": 0.99882,
  "ai_adoption_low": 0.9988386368915286,
  "ai_adoption_medium": 0.9987177432280814,
  "ai_adoption_high": 0.9990476667836199,
  "correct_match_rate": 0.90393,
  "overoffer_rate": 0.05672,
  "underoffer_rate": 0.03935,
  "detection_rate_given_ai": 0.0,
  "detection_rate_given_ai_low": 0.0,
  "detection_rate_given_ai_medium": 0.0,
  "detection_rate_given_ai_high": 0.0,
  "candidate_welfare": 0.9954564,
  "firm_welfare": -0.11704560000000003,
  "total_welfare": 0.8784107999999999,
  "firm_policy_lowverify": 0.9918,
  "firm_policy_baseverify": 0.00417,
  "firm_policy_highverify": 0.00403,
  "firm_suspicion_10": 0.00415,
  "firm_suspicion_50": 0.00648,
  "firm_suspicion_90": 0.9893700000000001,
  "separating_index": 0.00013628333482065824,
  "eval_seed": 10041,
  "training_seed": 42,
  "training_seed_idx": 0
}