{
  "ai_adoption_overall": 0.70979,
  "ai_adoption_low": 0.06571792978452037,
  "ai_adoption_medium": 0.9889086157713101,
  "ai_adoption_high": 0.9686706181202371,
  "correct_match_rate": 0.92741,
  "overoffer_rate": 0.03798,
  "underoffer_rate": 0.03461,
  "detection_rate_given_ai": 0.08894179968723144,
  "detection_rate_given_ai_low": 0.17466802860061287,
  "detection_rate_given_ai_medium": 0.10160773001432231,
  "detection_rate_given_ai_high": 0.04802550390785685,
  "candidate_welfare": 0.8175015999999999,
  "firm_welfare": -0.09353320000000001,
  "total_welfare": 0.7239684,
  "firm_policy_lowverify": 0.99224,
  "firm_policy_baseverify": 0.00378,
  "firm_policy_highverify": 0.00398,
  "firm_suspicion_10": 0.02399,
  "firm_suspicion_50": 0.29919,
  "firm_suspicion_90": 0.67682,
  "separating_index": 0.43050541054986646,
  "eval_seed": 10044,
  "training_seed": 45,
  "training_seed_idx": 3
}