{
  "ai_adoption_overall": {
    "mean": 0.0005319999999999999,
    "se": 1.2561572491064793e-05,
    "ci_lo": 0.0005073793179175129,
    "ci_hi": 0.0005566206820824869
  },
  "ai_adoption_low": {
    "mean": 0.0004911235392544981,
    "se": 2.267687648239681e-05,
    "ci_lo": 0.0004466768613490004,
    "ci_hi": 0.0005355702171599959
  },
  "ai_adoption_medium": {
    "mean": 0.0005374829303242216,
    "se": 2.0322568328034763e-05,
    "ci_lo": 0.0004976506964012734,
    "ci_hi": 0.0005773151642471697
  },
  "ai_adoption_high": {
    "mean": 0.0005795482708612248,
    "se": 3.226716289912628e-05,
    "ci_lo": 0.0005163046315789372,
    "ci_hi": 0.0006427919101435123
  },
  "correct_match_rate": {
    "mean": 0.968347,
    "se": 9.571287281754901e-05,
    "ci_lo": 0.9681594027692776,
    "ci_hi": 0.9685345972307223
  },
  "overoffer_rate": {
    "mean": 0.015604666666666664,
    "se": 6.946881105080362e-05,
    "ci_lo": 0.01546850779700709,
    "ci_hi": 0.01574082553632624
  },
  "underoffer_rate": {
    "mean": 0.016048333333333335,
    "se": 6.991141082816645e-05,
    "ci_lo": 0.015911306968110127,
    "ci_hi": 0.016185359698556542
  },
  "detection_rate_given_ai": {
    "mean": 0.12382781607532653,
    "se": 0.008791854467141395,
    "ci_lo": 0.1065957813197294,
    "ci_hi": 0.14105985083092365
  },
  "detection_rate_given_ai_low": {
    "mean": 0.15865040990427984,
    "se": 0.017801335685260867,
    "ci_lo": 0.12375979196116854,
    "ci_hi": 0.19354102784739113
  },
  "detection_rate_given_ai_medium": {
    "mean": 0.12471207391889913,
    "se": 0.012499699603488408,
    "ci_lo": 0.10021266269606185,
    "ci_hi": 0.1492114851417364
  },
  "detection_rate_given_ai_high": {
    "mean": 0.06406170626758861,
    "se": 0.011644072836322987,
    "ci_lo": 0.041239323508395556,
    "ci_hi": 0.08688408902678167
  },
  "candidate_welfare": {
    "mean": 0.89907704,
    "se": 0.0004489168053662393,
    "ci_lo": 0.8981971630614821,
    "ci_hi": 0.8999569169385179
  },
  "firm_welfare": {
    "mean": -0.05177454000000002,
    "se": 9.56503984646004e-05,
    "ci_lo": -0.05196201478099064,
    "ci_hi": -0.0515870652190094
  },
  "total_welfare": {
    "mean": 0.8473024999999998,
    "se": 0.0004421067495916377,
    "ci_lo": 0.8464359707708002,
    "ci_hi": 0.8481690292291995
  },
  "firm_policy_lowverify": {
    "mean": 0.9989903333333334,
    "se": 1.7237244714977575e-05,
    "ci_lo": 0.9989565483336921,
    "ci_hi": 0.9990241183329748
  },
  "firm_policy_baseverify": {
    "mean": 0.0005016666666666666,
    "se": 1.112192959911466e-05,
    "ci_lo": 0.0004798676846524019,
    "ci_hi": 0.0005234656486809314
  },
  "firm_policy_highverify": {
    "mean": 0.000508,
    "se": 1.2842100304462856e-05,
    "ci_lo": 0.0004828294834032528,
    "ci_hi": 0.0005331705165967472
  },
  "separating_index": {
    "mean": 0.00010586903767461473,
    "se": 1.1600392362132794e-05,
    "ci_lo": 8.313226864483445e-05,
    "ci_hi": 0.000128605806704395
  }
}