{
  "ai_adoption_overall": 0.70786,
  "ai_adoption_low": 0.06375805320960043,
  "ai_adoption_medium": 0.9875187518751876,
  "ai_adoption_high": 0.972915003990423,
  "correct_match_rate": 0.92721,
  "overoffer_rate": 0.03681,
  "underoffer_rate": 0.03598,
  "detection_rate_given_ai": 0.08683920549261154,
  "detection_rate_given_ai_low": 0.17486910994764399,
  "detection_rate_given_ai_medium": 0.09847886411051023,
  "detection_rate_given_ai_high": 0.048756729043834914,
  "candidate_welfare": 0.8132983,
  "firm_welfare": -0.0937608,
  "total_welfare": 0.7195375,
  "firm_policy_lowverify": 0.9919,
  "firm_policy_baseverify": 0.004059999999999999,
  "firm_policy_highverify": 0.00404,
  "firm_suspicion_10": 0.021,
  "firm_suspicion_50": 0.2688900000000001,
  "firm_suspicion_90": 0.71011,
  "separating_index": 0.43206396890127513,
  "eval_seed": 10043,
  "training_seed": 44,
  "training_seed_idx": 2
}