{
  "ai_adoption_overall": 0.0013,
  "ai_adoption_low": 0.0010681977501084889,
  "ai_adoption_medium": 0.00148014801480148,
  "ai_adoption_high": 0.0011971268954509178,
  "correct_match_rate": 0.90807,
  "overoffer_rate": 0.0017,
  "underoffer_rate": 0.09023,
  "detection_rate_given_ai": 0.23076923076923078,
  "detection_rate_given_ai_low": 0.25,
  "detection_rate_given_ai_medium": 0.28378378378378377,
  "detection_rate_given_ai_high": 0.041666666666666664,
  "candidate_welfare": 0.8118584000000001,
  "firm_welfare": -0.17193000000000003,
  "total_welfare": 0.6399284000000001,
  "firm_policy_lowverify": 0.0,
  "firm_policy_baseverify": 1.0,
  "firm_policy_highverify": 0.0,
  "firm_suspicion_10": 0.0,
  "firm_suspicion_50": 1.0,
  "firm_suspicion_90": 0.0,
  "separating_index": 0.00017205512653339396,
  "eval_seed": 10043,
  "training_seed": 44,
  "training_seed_idx": 2
}