{
  "regret": {
    "r_max": 0.10200000000000001,
    "r_firm": 0.10200000000000001,
    "r_candidate_low": 0.0004015957446808511,
    "r_candidate_medium": 0.00022406914893624563,
    "r_candidate_high": 1.196808510628422e-05
  },
  "convergence": {
    "is_strategy_stable": true,
    "max_delta": 2.1722036136779393e-06,
    "flips_in_window": 0,
    "br_flips_total": {
      "candidate_low": 0,
      "candidate_medium": 0,
      "candidate_high": 0,
      "firm": 0
    }
  },
  "training_seed": 44,
  "degenerate_posterior_train": 0,
  "degenerate_posterior_eval": 0
}