{
  "sigma_candidate": {
    "0": {
      "0": 0.9335106382978723,
      "1": 0.06648936170212766
    },
    "1": {
      "0": 0.013297872340425532,
      "1": 0.9867021276595744
    },
    "2": {
      "0": 0.034574468085106384,
      "1": 0.9654255319148937
    }
  },
  "sigma_firm_joint": {
    "LowVerify|sus=0.10": 0.022397891963109356,
    "LowVerify|sus=0.50": 0.30434782608695654,
    "LowVerify|sus=0.90": 0.6653491436100132,
    "BaseVerify|sus=0.10": 0.0013175230566534915,
    "BaseVerify|sus=0.50": 0.0013175230566534915,
    "BaseVerify|sus=0.90": 0.0013175230566534915,
    "HighVerify|sus=0.10": 0.0013175230566534915,
    "HighVerify|sus=0.50": 0.0013175230566534915,
    "HighVerify|sus=0.90": 0.0013175230566534915
  },
  "counts_candidate": [
    [
      702.0,
      50.0
    ],
    [
      10.0,
      742.0
    ],
    [
      26.0,
      726.0
    ]
  ],
  "counts_firm": [
    17.0,
    231.0,
    505.0,
    1.0,
    1.0,
    1.0,
    1.0,
    1.0,
    1.0
  ],
  "firm_joint_action_labels": [
    "LowVerify|sus=0.10",
    "LowVerify|sus=0.50",
    "LowVerify|sus=0.90",
    "BaseVerify|sus=0.10",
    "BaseVerify|sus=0.50",
    "BaseVerify|sus=0.90",
    "HighVerify|sus=0.10",
    "HighVerify|sus=0.50",
    "HighVerify|sus=0.90"
  ]
}