{
  "ai_adoption_overall": {
    "mean": 0.707382,
    "se": 0.000455833302864105,
    "ci_lo": 0.7061164038574768,
    "ci_hi": 0.7086475961425232,
    "n": 5,
    "t_crit": 2.7764451051977987
  },
  "ai_adoption_low": {
    "mean": 0.07144618465053665,
    "se": 0.002267095295521567,
    "ci_lo": 0.06515171901426883,
    "ci_hi": 0.07774065028680446,
    "n": 5,
    "t_crit": 2.7764451051977987
  },
  "ai_adoption_medium": {
    "mean": 0.9860125656191974,
    "se": 0.0006566184252687189,
    "ci_lo": 0.9841895006063773,
    "ci_hi": 0.9878356306320174,
    "n": 5,
    "t_crit": 2.7764451051977987
  },
  "ai_adoption_high": {
    "mean": 0.9632295573095975,
    "se": 0.0011488446361311538,
    "ci_lo": 0.9600398532429784,
    "ci_hi": 0.9664192613762166,
    "n": 5,
    "t_crit": 2.7764451051977987
  },
  "correct_match_rate": {
    "mean": 0.9261459999999999,
    "se": 0.00045291941888155534,
    "ci_lo": 0.9248884940963972,
    "ci_hi": 0.9274035059036027,
    "n": 5,
    "t_crit": 2.7764451051977987
  },
  "overoffer_rate": {
    "mean": 0.037598,
    "se": 0.00035164470705528864,
    "ci_lo": 0.03662167777432763,
    "ci_hi": 0.03857432222567237,
    "n": 5,
    "t_crit": 2.7764451051977987
  },
  "underoffer_rate": {
    "mean": 0.036256,
    "se": 0.0006547640796500684,
    "ci_lo": 0.03443808347599622,
    "ci_hi": 0.03807391652400377,
    "n": 5,
    "t_crit": 2.7764451051977987
  },
  "detection_rate_given_ai": {
    "mean": 0.08947632394310873,
    "se": 0.0007169455359293276,
    "ci_lo": 0.08748576401918433,
    "ci_hi": 0.09146688386703312,
    "n": 5,
    "t_crit": 2.7764451051977987
  },
  "detection_rate_given_ai_low": {
    "mean": 0.17634377492186235,
    "se": 0.003382949088676525,
    "ci_lo": 0.16695120248347306,
    "ci_hi": 0.18573634736025163,
    "n": 5,
    "t_crit": 2.7764451051977987
  },
  "detection_rate_given_ai_medium": {
    "mean": 0.1011673589074105,
    "se": 0.0007353940530339328,
    "ci_lo": 0.09912557768847287,
    "ci_hi": 0.10320914012634815,
    "n": 5,
    "t_crit": 2.7764451051977987
  },
  "detection_rate_given_ai_high": {
    "mean": 0.05003720792891545,
    "se": 0.0008846871486798051,
    "ci_lo": 0.047580922625332006,
    "ci_hi": 0.0524934932324989,
    "n": 5,
    "t_crit": 2.7764451051977987
  },
  "candidate_welfare": {
    "mean": 0.81340118,
    "se": 0.0016763757998730644,
    "ci_lo": 0.8087468146159703,
    "ci_hi": 0.8180555453840296,
    "n": 5,
    "t_crit": 2.7764451051977987
  },
  "firm_welfare": {
    "mean": -0.09480584000000002,
    "se": 0.0004614894252309569,
    "ci_lo": -0.09608714005578305,
    "ci_hi": -0.09352453994421699,
    "n": 5,
    "t_crit": 2.7764451051977987
  },
  "total_welfare": {
    "mean": 0.7185953399999999,
    "se": 0.0019511281525312842,
    "ci_lo": 0.7131781397912909,
    "ci_hi": 0.724012540208709,
    "n": 5,
    "t_crit": 2.7764451051977987
  },
  "firm_policy_lowverify": {
    "mean": 0.9920640000000001,
    "se": 8.930845424706472e-05,
    "ci_lo": 0.991816039979353,
    "ci_hi": 0.9923119600206471,
    "n": 5,
    "t_crit": 2.7764451051977987
  },
  "firm_policy_baseverify": {
    "mean": 0.003972000000000001,
    "se": 7.57231800705702e-05,
    "ci_lo": 0.0037617587473430547,
    "ci_hi": 0.004182241252656947,
    "n": 5,
    "t_crit": 2.7764451051977987
  },
  "firm_policy_highverify": {
    "mean": 0.003964,
    "se": 4.739198244429108e-05,
    "ci_lo": 0.0038324187623169277,
    "ci_hi": 0.004095581237683072,
    "n": 5,
    "t_crit": 2.7764451051977987
  },
  "firm_suspicion_10": {
    "mean": 0.024838,
    "se": 0.0005322161215145585,
    "ci_lo": 0.023360331154513546,
    "ci_hi": 0.026315668845486452,
    "n": 5,
    "t_crit": 2.7764451051977987
  },
  "firm_suspicion_50": {
    "mean": 0.27690600000000004,
    "se": 0.013390815359790455,
    "ci_lo": 0.23972713623970232,
    "ci_hi": 0.31408486376029776,
    "n": 5,
    "t_crit": 2.7764451051977987
  },
  "firm_suspicion_90": {
    "mean": 0.698256,
    "se": 0.01325401169457763,
    "ci_lo": 0.6614569641063556,
    "ci_hi": 0.7350550358936444,
    "n": 5,
    "t_crit": 2.7764451051977987
  },
  "separating_index": {
    "mean": 0.42586403117534644,
    "se": 0.0012416263480711299,
    "ci_lo": 0.4224167237787597,
    "ci_hi": 0.42931133857193315,
    "n": 5,
    "t_crit": 2.7764451051977987
  }
}