{
  "note": "Mean of per-seed normalised counts. Use seeds/seed_<k>/ for individual runs.",
  "sigma_candidate_mean": {
    "0": {
      "0": 0.9287234042553191,
      "1": 0.07127659574468086
    },
    "1": {
      "0": 0.014095744680851063,
      "1": 0.9859042553191489
    },
    "2": {
      "0": 0.03590425531914894,
      "1": 0.964095744680851
    }
  },
  "sigma_firm_joint_mean": {
    "LowVerify|sus=0.10": 0.022397891963109356,
    "LowVerify|sus=0.50": 0.27509881422924903,
    "LowVerify|sus=0.90": 0.6945981554677207,
    "BaseVerify|sus=0.10": 0.0013175230566534915,
    "BaseVerify|sus=0.50": 0.0013175230566534915,
    "BaseVerify|sus=0.90": 0.0013175230566534915,
    "HighVerify|sus=0.10": 0.0013175230566534915,
    "HighVerify|sus=0.50": 0.0013175230566534915,
    "HighVerify|sus=0.90": 0.0013175230566534915
  },
  "per_seed_sigma_candidate": [
    [
      [
        0.9202127659574468,
        0.0797872340425532
      ],
      [
        0.014627659574468085,
        0.9853723404255319
      ],
      [
        0.03590425531914894,
        0.964095744680851
      ]
    ],
    [
      [
        0.9268617021276596,
        0.07313829787234043
      ],
      [
        0.014627659574468085,
        0.9853723404255319
      ],
      [
        0.03856382978723404,
        0.961436170212766
      ]
    ],
    [
      [
        0.9268617021276596,
        0.07313829787234043
      ],
      [
        0.014627659574468085,
        0.9853723404255319
      ],
      [
        0.03590425531914894,
        0.964095744680851
      ]
    ],
    [
      [
        0.9335106382978723,
        0.06648936170212766
      ],
      [
        0.013297872340425532,
        0.9867021276595744
      ],
      [
        0.034574468085106384,
        0.9654255319148937
      ]
    ],
    [
      [
        0.9361702127659575,
        0.06382978723404255
      ],
      [
        0.013297872340425532,
        0.9867021276595744
      ],
      [
        0.034574468085106384,
        0.9654255319148937
      ]
    ]
  ],
  "per_seed_sigma_firm_joint": [
    [
      0.022397891963109356,
      0.23715415019762845,
      0.7325428194993412,
      0.0013175230566534915,
      0.0013175230566534915,
      0.0013175230566534915,
      0.0013175230566534915,
      0.0013175230566534915,
      0.0013175230566534915
    ],
    [
      0.022397891963109356,
      0.25559947299077734,
      0.7140974967061924,
      0.0013175230566534915,
      0.0013175230566534915,
      0.0013175230566534915,
      0.0013175230566534915,
      0.0013175230566534915,
      0.0013175230566534915
    ],
    [
      0.023715415019762844,
      0.26745718050065875,
      0.7009222661396575,
      0.0013175230566534915,
      0.0013175230566534915,
      0.0013175230566534915,
      0.0013175230566534915,
      0.0013175230566534915,
      0.0013175230566534915
    ],
    [
      0.022397891963109356,
      0.30434782608695654,
      0.6653491436100132,
      0.0013175230566534915,
      0.0013175230566534915,
      0.0013175230566534915,
      0.0013175230566534915,
      0.0013175230566534915,
      0.0013175230566534915
    ],
    [
      0.021080368906455864,
      0.310935441370224,
      0.6600790513833992,
      0.0013175230566534915,
      0.0013175230566534915,
      0.0013175230566534915,
      0.0013175230566534915,
      0.0013175230566534915,
      0.0013175230566534915
    ]
  ],
  "firm_joint_action_labels": [
    "LowVerify|sus=0.10",
    "LowVerify|sus=0.50",
    "LowVerify|sus=0.90",
    "BaseVerify|sus=0.10",
    "BaseVerify|sus=0.50",
    "BaseVerify|sus=0.90",
    "HighVerify|sus=0.10",
    "HighVerify|sus=0.50",
    "HighVerify|sus=0.90"
  ]
}