{
  "ai_adoption_overall": 0.99824,
  "ai_adoption_low": 0.9973962679841105,
  "ai_adoption_medium": 0.9984998499849985,
  "ai_adoption_high": 0.9988527533918595,
  "correct_match_rate": 0.90418,
  "overoffer_rate": 0.0563,
  "underoffer_rate": 0.03952,
  "detection_rate_given_ai": 0.11228762622215098,
  "detection_rate_given_ai_low": 0.17795106931289534,
  "detection_rate_given_ai_medium": 0.09837740384615384,
  "detection_rate_given_ai_high": 0.048988764044943824,
  "candidate_welfare": 0.8834927500000003,
  "firm_welfare": -0.1167908,
  "total_welfare": 0.7667019500000003,
  "firm_policy_lowverify": 0.9919,
  "firm_policy_baseverify": 0.004059999999999999,
  "firm_policy_highverify": 0.00404,
  "firm_suspicion_10": 0.004019999999999999,
  "firm_suspicion_50": 0.007949999999999999,
  "firm_suspicion_90": 0.98803,
  "separating_index": 0.0006203747783256926,
  "eval_seed": 10043,
  "training_seed": 44,
  "training_seed_idx": 2
}