{
  "regret": {
    "r_max": 0.002368247694334649,
    "r_firm": 0.002368247694334649,
    "r_candidate_low": 8.752417794970907e-05,
    "r_candidate_medium": 0.0006510946654332272,
    "r_candidate_high": 0.00029952362430951673
  },
  "convergence": {
    "is_strategy_stable": true,
    "max_delta": 1.9152603690120173e-05,
    "flips_in_window": 0,
    "br_flips_total": {
      "candidate_low": 1,
      "candidate_medium": 0,
      "candidate_high": 0,
      "firm": 1
    }
  },
  "training_seed": 44,
  "degenerate_posterior_train": 0,
  "degenerate_posterior_eval": 0
}