{
  "ai_adoption_overall": {
    "mean": 0.00136,
    "se": 7.596051605933177e-05,
    "ci_lo": 0.0011490997969987697,
    "ci_hi": 0.0015709002030012305,
    "n": 5,
    "t_crit": 2.7764451051977987
  },
  "ai_adoption_low": {
    "mean": 0.0014421900181097534,
    "se": 0.00018280314879293936,
    "ci_lo": 0.000934647110428852,
    "ci_hi": 0.0019497329257906547,
    "n": 5,
    "t_crit": 2.7764451051977987
  },
  "ai_adoption_medium": {
    "mean": 0.0013445009498136112,
    "se": 5.995023901258731e-05,
    "ci_lo": 0.001178052402151675,
    "ci_hi": 0.0015109494974755474,
    "n": 5,
    "t_crit": 2.7764451051977987
  },
  "ai_adoption_high": {
    "mean": 0.0012755375085028453,
    "se": 0.00014504496042968792,
    "ci_lo": 0.0008728281380842298,
    "ci_hi": 0.0016782468789214608,
    "n": 5,
    "t_crit": 2.7764451051977987
  },
  "correct_match_rate": {
    "mean": 0.9682639999999999,
    "se": 0.0003895458894661912,
    "ci_lo": 0.9671824472219416,
    "ci_hi": 0.9693455527780582,
    "n": 5,
    "t_crit": 2.7764451051977987
  },
  "overoffer_rate": {
    "mean": 0.015514,
    "se": 0.00022752142756232867,
    "ci_lo": 0.014882299246116957,
    "ci_hi": 0.016145700753883042,
    "n": 5,
    "t_crit": 2.7764451051977987
  },
  "underoffer_rate": {
    "mean": 0.016222000000000004,
    "se": 0.00021436884101939816,
    "ci_lo": 0.01562681668064477,
    "ci_hi": 0.016817183319355236,
    "n": 5,
    "t_crit": 2.7764451051977987
  },
  "detection_rate_given_ai": {
    "mean": 0.12564332018914687,
    "se": 0.013227265543350903,
    "ci_lo": 0.08891854351615874,
    "ci_hi": 0.162368096862135,
    "n": 5,
    "t_crit": 2.7764451051977987
  },
  "detection_rate_given_ai_low": {
    "mean": 0.1940479699617504,
    "se": 0.02901063230701066,
    "ci_lo": 0.11350154189425751,
    "ci_hi": 0.27459439802924324,
    "n": 5,
    "t_crit": 2.7764451051977987
  },
  "detection_rate_given_ai_medium": {
    "mean": 0.09993866390504345,
    "se": 0.030109452245269758,
    "ci_lo": 0.01634142259847736,
    "ci_hi": 0.18353590521160956,
    "n": 5,
    "t_crit": 2.7764451051977987
  },
  "detection_rate_given_ai_high": {
    "mean": 0.08207512315270936,
    "se": 0.019091849916985898,
    "ci_lo": 0.029067649901522864,
    "ci_hi": 0.13508259640389586,
    "n": 5,
    "t_crit": 2.7764451051977987
  },
  "candidate_welfare": {
    "mean": 0.8998389500000001,
    "se": 0.0007851265186261349,
    "ci_lo": 0.8976590893203996,
    "ci_hi": 0.9020188106796007,
    "n": 5,
    "t_crit": 2.7764451051977987
  },
  "firm_welfare": {
    "mean": -0.05268784000000002,
    "se": 0.0003989183495403543,
    "ci_lo": -0.053795414898954924,
    "ci_hi": -0.05158026510104512,
    "n": 5,
    "t_crit": 2.7764451051977987
  },
  "total_welfare": {
    "mean": 0.8471511100000001,
    "se": 0.0010735752110820934,
    "ci_lo": 0.8441703873601295,
    "ci_hi": 0.8501318326398707,
    "n": 5,
    "t_crit": 2.7764451051977987
  },
  "firm_policy_lowverify": {
    "mean": 0.9920640000000001,
    "se": 8.930845424704732e-05,
    "ci_lo": 0.9918160399793531,
    "ci_hi": 0.992311960020647,
    "n": 5,
    "t_crit": 2.7764451051977987
  },
  "firm_policy_baseverify": {
    "mean": 0.003972000000000001,
    "se": 7.57231800705702e-05,
    "ci_lo": 0.0037617587473430547,
    "ci_hi": 0.004182241252656947,
    "n": 5,
    "t_crit": 2.7764451051977987
  },
  "firm_policy_highverify": {
    "mean": 0.003964,
    "se": 4.739198244429108e-05,
    "ci_lo": 0.0038324187623169277,
    "ci_hi": 0.004095581237683072,
    "n": 5,
    "t_crit": 2.7764451051977987
  },
  "firm_suspicion_10": {
    "mean": 0.9921260000000001,
    "se": 0.00014249912280432441,
    "ci_lo": 0.991730359007995,
    "ci_hi": 0.9925216409920051,
    "n": 5,
    "t_crit": 2.7764451051977987
  },
  "firm_suspicion_50": {
    "mean": 0.003941999999999999,
    "se": 0.00011659331027121581,
    "ci_lo": 0.003618285074398674,
    "ci_hi": 0.004265714925601325,
    "n": 5,
    "t_crit": 2.7764451051977987
  },
  "firm_suspicion_90": {
    "mean": 0.003932,
    "se": 9.414881836751848e-05,
    "ci_lo": 0.0036706009740833465,
    "ci_hi": 0.004193399025916653,
    "n": 5,
    "t_crit": 2.7764451051977987
  },
  "separating_index": {
    "mean": 0.00021156423604772842,
    "se": 4.7187148655019176e-05,
    "ci_lo": 8.055170813625953e-05,
    "ci_hi": 0.0003425767639591973,
    "n": 5,
    "t_crit": 2.7764451051977987
  }
}