{
  "sigma_candidate": {
    "0": {
      "0": 0.9995004995004995,
      "1": 0.0004995004995004995
    },
    "1": {
      "0": 0.9995004995004995,
      "1": 0.0004995004995004995
    },
    "2": {
      "0": 0.9995004995004995,
      "1": 0.0004995004995004995
    }
  },
  "sigma_firm": {
    "LowVerify": 0.99900149775337,
    "BaseVerify": 0.0004992511233150275,
    "HighVerify": 0.0004992511233150275
  },
  "counts_candidate": [
    [
      2001.0,
      1.0
    ],
    [
      2001.0,
      1.0
    ],
    [
      2001.0,
      1.0
    ]
  ],
  "counts_firm": [
    2001.0,
    1.0,
    1.0
  ]
}