{
  "note": "Mean of per-seed normalised counts. Use seeds/seed_<k>/ for individual runs.",
  "sigma_candidate_mean": {
    "0": {
      "0": 0.9986702127659575,
      "1": 0.0013297872340425532
    },
    "1": {
      "0": 0.9986702127659575,
      "1": 0.0013297872340425532
    },
    "2": {
      "0": 0.9986702127659575,
      "1": 0.0013297872340425532
    }
  },
  "sigma_firm_joint_mean": {
    "LowVerify|sus=0.10": 0.9894598155467721,
    "LowVerify|sus=0.50": 0.0013175230566534915,
    "LowVerify|sus=0.90": 0.0013175230566534915,
    "BaseVerify|sus=0.10": 0.0013175230566534915,
    "BaseVerify|sus=0.50": 0.0013175230566534915,
    "BaseVerify|sus=0.90": 0.0013175230566534915,
    "HighVerify|sus=0.10": 0.0013175230566534915,
    "HighVerify|sus=0.50": 0.0013175230566534915,
    "HighVerify|sus=0.90": 0.0013175230566534915
  },
  "per_seed_sigma_candidate": [
    [
      [
        0.9986702127659575,
        0.0013297872340425532
      ],
      [
        0.9986702127659575,
        0.0013297872340425532
      ],
      [
        0.9986702127659575,
        0.0013297872340425532
      ]
    ],
    [
      [
        0.9986702127659575,
        0.0013297872340425532
      ],
      [
        0.9986702127659575,
        0.0013297872340425532
      ],
      [
        0.9986702127659575,
        0.0013297872340425532
      ]
    ],
    [
      [
        0.9986702127659575,
        0.0013297872340425532
      ],
      [
        0.9986702127659575,
        0.0013297872340425532
      ],
      [
        0.9986702127659575,
        0.0013297872340425532
      ]
    ],
    [
      [
        0.9986702127659575,
        0.0013297872340425532
      ],
      [
        0.9986702127659575,
        0.0013297872340425532
      ],
      [
        0.9986702127659575,
        0.0013297872340425532
      ]
    ],
    [
      [
        0.9986702127659575,
        0.0013297872340425532
      ],
      [
        0.9986702127659575,
        0.0013297872340425532
      ],
      [
        0.9986702127659575,
        0.0013297872340425532
      ]
    ]
  ],
  "per_seed_sigma_firm_joint": [
    [
      0.9894598155467721,
      0.0013175230566534915,
      0.0013175230566534915,
      0.0013175230566534915,
      0.0013175230566534915,
      0.0013175230566534915,
      0.0013175230566534915,
      0.0013175230566534915,
      0.0013175230566534915
    ],
    [
      0.9894598155467721,
      0.0013175230566534915,
      0.0013175230566534915,
      0.0013175230566534915,
      0.0013175230566534915,
      0.0013175230566534915,
      0.0013175230566534915,
      0.0013175230566534915,
      0.0013175230566534915
    ],
    [
      0.9894598155467721,
      0.0013175230566534915,
      0.0013175230566534915,
      0.0013175230566534915,
      0.0013175230566534915,
      0.0013175230566534915,
      0.0013175230566534915,
      0.0013175230566534915,
      0.0013175230566534915
    ],
    [
      0.9894598155467721,
      0.0013175230566534915,
      0.0013175230566534915,
      0.0013175230566534915,
      0.0013175230566534915,
      0.0013175230566534915,
      0.0013175230566534915,
      0.0013175230566534915,
      0.0013175230566534915
    ],
    [
      0.9894598155467721,
      0.0013175230566534915,
      0.0013175230566534915,
      0.0013175230566534915,
      0.0013175230566534915,
      0.0013175230566534915,
      0.0013175230566534915,
      0.0013175230566534915,
      0.0013175230566534915
    ]
  ],
  "firm_joint_action_labels": [
    "LowVerify|sus=0.10",
    "LowVerify|sus=0.50",
    "LowVerify|sus=0.90",
    "BaseVerify|sus=0.10",
    "BaseVerify|sus=0.50",
    "BaseVerify|sus=0.90",
    "HighVerify|sus=0.10",
    "HighVerify|sus=0.50",
    "HighVerify|sus=0.90"
  ]
}