{
  "ai_adoption_overall": 0.00151,
  "ai_adoption_low": 0.00162590835185984,
  "ai_adoption_medium": 0.0012221509857348934,
  "ai_adoption_high": 0.002055034835346599,
  "correct_match_rate": 0.9078,
  "overoffer_rate": 0.00169,
  "underoffer_rate": 0.09051,
  "detection_rate_given_ai": 0.1986754966887417,
  "detection_rate_given_ai_low": 0.32653061224489793,
  "detection_rate_given_ai_medium": 0.11475409836065574,
  "detection_rate_given_ai_high": 0.17073170731707318,
  "candidate_welfare": 0.8087023999999997,
  "firm_welfare": -0.17220000000000005,
  "total_welfare": 0.6365023999999997,
  "firm_policy_lowverify": 0.0,
  "firm_policy_baseverify": 1.0,
  "firm_policy_highverify": 0.0,
  "firm_suspicion_10": 0.0,
  "firm_suspicion_50": 1.0,
  "firm_suspicion_90": 0.0,
  "separating_index": 0.00034007598113001486,
  "eval_seed": 10041,
  "training_seed": 42,
  "training_seed_idx": 0
}