{
  "regret": {
    "r_max": 0.0023748353096179203,
    "r_firm": 0.0023748353096179203,
    "r_candidate_low": 2.2941019818908948e-05,
    "r_candidate_medium": 0.0006510876573317947,
    "r_candidate_high": 0.00033787195497980704
  },
  "convergence": {
    "is_strategy_stable": true,
    "max_delta": 1.7024536613341468e-05,
    "flips_in_window": 0,
    "br_flips_total": {
      "candidate_low": 0,
      "candidate_medium": 0,
      "candidate_high": 0,
      "firm": 1
    }
  },
  "training_seed": 42,
  "degenerate_posterior_train": 0,
  "degenerate_posterior_eval": 0
}