{
  "ai_adoption_overall": 0.70741,
  "ai_adoption_low": 0.0723857901948334,
  "ai_adoption_medium": 0.9860724233983287,
  "ai_adoption_high": 0.960001982553529,
  "correct_match_rate": 0.92562,
  "overoffer_rate": 0.03714,
  "underoffer_rate": 0.03724,
  "detection_rate_given_ai": 0.09082427446600981,
  "detection_rate_given_ai_low": 0.18882733148661127,
  "detection_rate_given_ai_medium": 0.10242653334959151,
  "detection_rate_given_ai_high": 0.05038979813103413,
  "candidate_welfare": 0.8135146499999998,
  "firm_welfare": -0.09532680000000004,
  "total_welfare": 0.7181878499999997,
  "firm_policy_lowverify": 0.9922,
  "firm_policy_baseverify": 0.00381,
  "firm_policy_highverify": 0.0039900000000000005,
  "firm_suspicion_10": 0.024810000000000002,
  "firm_suspicion_50": 0.25839,
  "firm_suspicion_90": 0.7168,
  "separating_index": 0.4247045295153809,
  "eval_seed": 10042,
  "training_seed": 43,
  "training_seed_idx": 1
}