{
  "ai_adoption_overall": 0.70779,
  "ai_adoption_low": 0.06442157156657007,
  "ai_adoption_medium": 0.9884288917360666,
  "ai_adoption_high": 0.9722374794028062,
  "correct_match_rate": 0.92839,
  "overoffer_rate": 0.03675,
  "underoffer_rate": 0.03486,
  "detection_rate_given_ai": 0.08902358044052615,
  "detection_rate_given_ai_low": 0.1737331954498449,
  "detection_rate_given_ai_medium": 0.10104508445740673,
  "detection_rate_given_ai_high": 0.05012582815469159,
  "candidate_welfare": 0.8136073499999998,
  "firm_welfare": -0.09253280000000003,
  "total_welfare": 0.7210745499999998,
  "firm_policy_lowverify": 0.9921800000000001,
  "firm_policy_baseverify": 0.00404,
  "firm_policy_highverify": 0.0037800000000000004,
  "firm_suspicion_10": 0.021800000000000003,
  "firm_suspicion_50": 0.2848,
  "firm_suspicion_90": 0.6934,
  "separating_index": 0.43181547140219384,
  "eval_seed": 10045,
  "training_seed": 46,
  "training_seed_idx": 4
}