{
  "ai_adoption_overall": {
    "mean": 0.9986940000000001,
    "se": 3.931920650268693e-05,
    "ci_lo": 0.9985848323815655,
    "ci_hi": 0.9988031676184347,
    "n": 5,
    "t_crit": 2.7764451051977987
  },
  "ai_adoption_low": {
    "mean": 0.9987450966334723,
    "se": 8.929946851408862e-05,
    "ci_lo": 0.9984971615612196,
    "ci_hi": 0.9989930317057251,
    "n": 5,
    "t_crit": 2.7764451051977987
  },
  "ai_adoption_medium": {
    "mean": 0.99873126157373,
    "se": 0.00010291932525225823,
    "ci_lo": 0.9984455117169031,
    "ci_hi": 0.999017011430557,
    "n": 5,
    "t_crit": 2.7764451051977987
  },
  "ai_adoption_high": {
    "mean": 0.9985251886792319,
    "se": 0.00022108931659101726,
    "ci_lo": 0.9979113463283712,
    "ci_hi": 0.9991390310300926,
    "n": 5,
    "t_crit": 2.7764451051977987
  },
  "correct_match_rate": {
    "mean": 0.904092,
    "se": 0.0002999066521436318,
    "ci_lo": 0.9032593256436395,
    "ci_hi": 0.9049246743563605,
    "n": 5,
    "t_crit": 2.7764451051977987
  },
  "overoffer_rate": {
    "mean": 0.056366000000000006,
    "se": 0.0001438957956300319,
    "ci_lo": 0.05596648122256446,
    "ci_hi": 0.056765518777435554,
    "n": 5,
    "t_crit": 2.7764451051977987
  },
  "underoffer_rate": {
    "mean": 0.03954200000000001,
    "se": 0.0002297912095794785,
    "ci_lo": 0.038903997320945585,
    "ci_hi": 0.04018000267905443,
    "n": 5,
    "t_crit": 2.7764451051977987
  },
  "detection_rate_given_ai": {
    "mean": 0.0,
    "se": 0.0,
    "ci_lo": 0.0,
    "ci_hi": 0.0,
    "n": 5,
    "t_crit": 2.7764451051977987
  },
  "detection_rate_given_ai_low": {
    "mean": 0.0,
    "se": 0.0,
    "ci_lo": 0.0,
    "ci_hi": 0.0,
    "n": 5,
    "t_crit": 2.7764451051977987
  },
  "detection_rate_given_ai_medium": {
    "mean": 0.0,
    "se": 0.0,
    "ci_lo": 0.0,
    "ci_hi": 0.0,
    "n": 5,
    "t_crit": 2.7764451051977987
  },
  "detection_rate_given_ai_high": {
    "mean": 0.0,
    "se": 0.0,
    "ci_lo": 0.0,
    "ci_hi": 0.0,
    "n": 5,
    "t_crit": 2.7764451051977987
  },
  "candidate_welfare": {
    "mean": 0.99759142,
    "se": 0.0006519422669224504,
    "ci_lo": 0.9957813380841316,
    "ci_hi": 0.9994015019158684,
    "n": 5,
    "t_crit": 2.7764451051977987
  },
  "firm_welfare": {
    "mean": -0.11685984,
    "se": 0.00030818697182067955,
    "ci_lo": -0.11771550420939726,
    "ci_hi": -0.11600417579060275,
    "n": 5,
    "t_crit": 2.7764451051977987
  },
  "total_welfare": {
    "mean": 0.8807315799999997,
    "se": 0.0007353110031816629,
    "ci_lo": 0.878690029364418,
    "ci_hi": 0.8827731306355815,
    "n": 5,
    "t_crit": 2.7764451051977987
  },
  "firm_policy_lowverify": {
    "mean": 0.9920640000000001,
    "se": 8.930845424705752e-05,
    "ci_lo": 0.9918160399793531,
    "ci_hi": 0.992311960020647,
    "n": 5,
    "t_crit": 2.7764451051977987
  },
  "firm_policy_baseverify": {
    "mean": 0.003972000000000001,
    "se": 7.57231800705702e-05,
    "ci_lo": 0.0037617587473430547,
    "ci_hi": 0.004182241252656947,
    "n": 5,
    "t_crit": 2.7764451051977987
  },
  "firm_policy_highverify": {
    "mean": 0.003964,
    "se": 4.739198244429108e-05,
    "ci_lo": 0.0038324187623169277,
    "ci_hi": 0.004095581237683072,
    "n": 5,
    "t_crit": 2.7764451051977987
  },
  "firm_suspicion_10": {
    "mean": 0.004064,
    "se": 6.54675492133316e-05,
    "ci_lo": 0.0038822329434373493,
    "ci_hi": 0.0042457670565626505,
    "n": 5,
    "t_crit": 2.7764451051977987
  },
  "firm_suspicion_50": {
    "mean": 0.006529999999999999,
    "se": 9.044335243676006e-05,
    "ci_lo": 0.006278888996829278,
    "ci_hi": 0.006781111003170721,
    "n": 5,
    "t_crit": 2.7764451051977987
  },
  "firm_suspicion_90": {
    "mean": 0.989406,
    "se": 8.66371744691554e-05,
    "ci_lo": 0.989165456641017,
    "ci_hi": 0.989646543358983,
    "n": 5,
    "t_crit": 2.7764451051977987
  },
  "separating_index": {
    "mean": 0.00024109901084314717,
    "se": 7.793006596281662e-05,
    "ci_lo": 2.4730460652943378e-05,
    "ci_hi": 0.000457467561033351,
    "n": 5,
    "t_crit": 2.7764451051977987
  }
}