{
  "ai_adoption_overall": {
    "mean": 0.9995006666666665,
    "se": 1.1426258660348127e-05,
    "ci_lo": 0.9994782711996922,
    "ci_hi": 0.9995230621336407
  },
  "ai_adoption_low": {
    "mean": 0.9995321575444659,
    "se": 2.75151255658379e-05,
    "ci_lo": 0.9994782278983568,
    "ci_hi": 0.999586087190575
  },
  "ai_adoption_medium": {
    "mean": 0.9994824729347056,
    "se": 1.2928511653807964e-05,
    "ci_lo": 0.9994571330518641,
    "ci_hi": 0.9995078128175471
  },
  "ai_adoption_high": {
    "mean": 0.9994986767032299,
    "se": 2.7083285797959935e-05,
    "ci_lo": 0.9994455934630659,
    "ci_hi": 0.9995517599433938
  },
  "correct_match_rate": {
    "mean": 0.9085093333333333,
    "se": 0.00016270128706393177,
    "ci_lo": 0.908190438810688,
    "ci_hi": 0.9088282278559786
  },
  "overoffer_rate": {
    "mean": 0.04349633333333333,
    "se": 0.00011016026291228704,
    "ci_lo": 0.04328041921802525,
    "ci_hi": 0.04371224744864141
  },
  "underoffer_rate": {
    "mean": 0.04799433333333333,
    "se": 0.00012423345037296073,
    "ci_lo": 0.04775083577060233,
    "ci_hi": 0.048237830896064336
  },
  "detection_rate_given_ai": {
    "mean": 0.0,
    "se": 0.0,
    "ci_lo": 0.0,
    "ci_hi": 0.0
  },
  "detection_rate_given_ai_low": {
    "mean": 0.0,
    "se": 0.0,
    "ci_lo": 0.0,
    "ci_hi": 0.0
  },
  "detection_rate_given_ai_medium": {
    "mean": 0.0,
    "se": 0.0,
    "ci_lo": 0.0,
    "ci_hi": 0.0
  },
  "detection_rate_given_ai_high": {
    "mean": 0.0,
    "se": 0.0,
    "ci_lo": 0.0,
    "ci_hi": 0.0
  },
  "candidate_welfare": {
    "mean": 0.9751224066666667,
    "se": 0.0004311466849339121,
    "ci_lo": 0.9742773591641962,
    "ci_hi": 0.9759674541691372
  },
  "firm_welfare": {
    "mean": -0.1116132066666667,
    "se": 0.00016287128674030973,
    "ci_lo": -0.11193243438867771,
    "ci_hi": -0.11129397894465569
  },
  "total_welfare": {
    "mean": 0.8635092,
    "se": 0.00046695816891585153,
    "ci_lo": 0.8625939619889249,
    "ci_hi": 0.864424438011075
  },
  "firm_policy_lowverify": {
    "mean": 0.9989903333333334,
    "se": 1.7237244714977575e-05,
    "ci_lo": 0.9989565483336921,
    "ci_hi": 0.9990241183329748
  },
  "firm_policy_baseverify": {
    "mean": 0.0005016666666666666,
    "se": 1.112192959911466e-05,
    "ci_lo": 0.0004798676846524019,
    "ci_hi": 0.0005234656486809314
  },
  "firm_policy_highverify": {
    "mean": 0.000508,
    "se": 1.2842100304462856e-05,
    "ci_lo": 0.0004828294834032528,
    "ci_hi": 0.0005331705165967472
  },
  "separating_index": {
    "mean": 0.0001018373505727822,
    "se": 8.53396154352006e-06,
    "ci_lo": 8.511078594748288e-05,
    "ci_hi": 0.00011856391519808151
  }
}