{
  "ai_adoption_overall": 0.00159,
  "ai_adoption_low": 0.001980264482781768,
  "ai_adoption_medium": 0.0014362943605497815,
  "ai_adoption_high": 0.0013946306719131345,
  "correct_match_rate": 0.96894,
  "overoffer_rate": 0.01531,
  "underoffer_rate": 0.01575,
  "detection_rate_given_ai": 0.15723270440251572,
  "detection_rate_given_ai_low": 0.1864406779661017,
  "detection_rate_given_ai_medium": 0.1527777777777778,
  "detection_rate_given_ai_high": 0.10714285714285714,
  "candidate_welfare": 0.90197145,
  "firm_welfare": -0.05200320000000001,
  "total_welfare": 0.84996825,
  "firm_policy_lowverify": 0.99224,
  "firm_policy_baseverify": 0.00378,
  "firm_policy_highverify": 0.00398,
  "firm_suspicion_10": 0.99255,
  "firm_suspicion_50": 0.00357,
  "firm_suspicion_90": 0.0038799999999999998,
  "separating_index": 0.000266792952860539,
  "eval_seed": 10044,
  "training_seed": 45,
  "training_seed_idx": 3
}