{
  "regret": {
    "r_max": 0.0009729907773386032,
    "r_firm": 0.0009729907773386032,
    "r_candidate_low": 0.0005214097496706177,
    "r_candidate_medium": 0.00029262414851571883,
    "r_candidate_high": 0.00014986824769436247
  },
  "convergence": {
    "is_strategy_stable": true,
    "max_delta": 1.2768402460117123e-05,
    "flips_in_window": 0,
    "br_flips_total": {
      "candidate_low": 0,
      "candidate_medium": 0,
      "candidate_high": 0,
      "firm": 0
    }
  },
  "training_seed": 45,
  "degenerate_posterior_train": 0,
  "degenerate_posterior_eval": 0
}