{
  "ai_adoption_overall": 0.9984,
  "ai_adoption_low": 0.9980013990206855,
  "ai_adoption_medium": 0.998538597053171,
  "ai_adoption_high": 0.9986518200429421,
  "correct_match_rate": 0.90592,
  "overoffer_rate": 0.05535,
  "underoffer_rate": 0.03873,
  "detection_rate_given_ai": 0.11326121794871795,
  "detection_rate_given_ai_low": 0.17569507025800207,
  "detection_rate_given_ai_medium": 0.10092423665269953,
  "detection_rate_given_ai_high": 0.0505,
  "candidate_welfare": 0.8824347000000001,
  "firm_welfare": -0.1150028,
  "total_welfare": 0.7674319000000002,
  "firm_policy_lowverify": 0.99218,
  "firm_policy_baseverify": 0.00404,
  "firm_policy_highverify": 0.0037800000000000004,
  "firm_suspicion_10": 0.00398,
  "firm_suspicion_50": 0.006370000000000001,
  "firm_suspicion_90": 0.9896499999999999,
  "separating_index": 0.00028371516971001766,
  "eval_seed": 10045,
  "training_seed": 46,
  "training_seed_idx": 4
}