{
  "ai_adoption_overall": {
    "mean": 0.023925000000000005,
    "se": 7.278807215661001e-05,
    "ci_lo": 0.02378233537857305,
    "ci_hi": 0.02406766462142696
  },
  "ai_adoption_low": {
    "mean": 0.029249397828251273,
    "se": 0.0001489985244403349,
    "ci_lo": 0.028957360720348217,
    "ci_hi": 0.02954143493615433
  },
  "ai_adoption_medium": {
    "mean": 0.030044339624209417,
    "se": 0.0001286592534724204,
    "ci_lo": 0.029792167487403473,
    "ci_hi": 0.03029651176101536
  },
  "ai_adoption_high": {
    "mean": 0.0005795482708612248,
    "se": 3.226716289912628e-05,
    "ci_lo": 0.0005163046315789372,
    "ci_hi": 0.0006427919101435123
  },
  "correct_match_rate": {
    "mean": 0.9570303333333333,
    "se": 0.00010650075099118493,
    "ci_lo": 0.9568215918613906,
    "ci_hi": 0.957239074805276
  },
  "overoffer_rate": {
    "mean": 0.02454266666666667,
    "se": 8.188993641360183e-05,
    "ci_lo": 0.024382162391296012,
    "ci_hi": 0.02470317094203733
  },
  "underoffer_rate": {
    "mean": 0.018426999999999995,
    "se": 7.802909860997408e-05,
    "ci_lo": 0.018274062966724448,
    "ci_hi": 0.018579937033275543
  },
  "detection_rate_given_ai": {
    "mean": 0.25361057493872824,
    "se": 0.0019540464344312194,
    "ci_lo": 0.24978064392724306,
    "ci_hi": 0.25744050595021345
  },
  "detection_rate_given_ai_low": {
    "mean": 0.3497482917135084,
    "se": 0.0034789770335282052,
    "ci_lo": 0.3429294967277931,
    "ci_hi": 0.3565670866992237
  },
  "detection_rate_given_ai_medium": {
    "mean": 0.19861234490894636,
    "se": 0.0021628034298229494,
    "ci_lo": 0.19437325018649337,
    "ci_hi": 0.20285143963139934
  },
  "detection_rate_given_ai_high": {
    "mean": 0.11625969346557581,
    "se": 0.015147374386558318,
    "ci_lo": 0.0865708396679215,
    "ci_hi": 0.14594854726323012
  },
  "candidate_welfare": {
    "mean": 0.89445545,
    "se": 0.0004612637725881983,
    "ci_lo": 0.8935513730057272,
    "ci_hi": 0.8953595269942729
  },
  "firm_welfare": {
    "mean": -0.12297266666666672,
    "se": 0.00010675994484709493,
    "ci_lo": -0.12318191615856702,
    "ci_hi": -0.12276341717476641
  },
  "total_welfare": {
    "mean": 0.7714827833333333,
    "se": 0.000452354763307486,
    "ci_lo": 0.7705961679972506,
    "ci_hi": 0.772369398669416
  },
  "firm_policy_lowverify": {
    "mean": 0.0,
    "se": 0.0,
    "ci_lo": 0.0,
    "ci_hi": 0.0
  },
  "firm_policy_baseverify": {
    "mean": 1.0,
    "se": 0.0,
    "ci_lo": 1.0,
    "ci_hi": 1.0
  },
  "firm_policy_highverify": {
    "mean": 0.0,
    "se": 0.0,
    "ci_lo": 0.0,
    "ci_hi": 0.0
  },
  "separating_index": {
    "mean": 0.01371423164937642,
    "se": 4.5684689266943805e-05,
    "ci_lo": 0.01362468965841321,
    "ci_hi": 0.013803773640339629
  }
}