{
  "ai_adoption_overall": 0.00159,
  "ai_adoption_low": 0.001980264482781768,
  "ai_adoption_medium": 0.0014362943605497815,
  "ai_adoption_high": 0.0013946306719131345,
  "correct_match_rate": 0.90703,
  "overoffer_rate": 0.00166,
  "underoffer_rate": 0.09131,
  "detection_rate_given_ai": 0.25157232704402516,
  "detection_rate_given_ai_low": 0.3389830508474576,
  "detection_rate_given_ai_medium": 0.2361111111111111,
  "detection_rate_given_ai_high": 0.10714285714285714,
  "candidate_welfare": 0.8124779000000001,
  "firm_welfare": -0.17297000000000004,
  "total_welfare": 0.6395079,
  "firm_policy_lowverify": 0.0,
  "firm_policy_baseverify": 1.0,
  "firm_policy_highverify": 0.0,
  "firm_suspicion_10": 0.0,
  "firm_suspicion_50": 1.0,
  "firm_suspicion_90": 0.0,
  "separating_index": 0.000266792952860539,
  "eval_seed": 10044,
  "training_seed": 45,
  "training_seed_idx": 3
}