{
  "regret": {
    "r_max": 0.11499999999999998,
    "r_firm": 0.11499999999999998,
    "r_candidate_low": 0.00037433510638297876,
    "r_candidate_medium": 0.00021874999999993427,
    "r_candidate_high": 1.7287234042484556e-05
  },
  "convergence": {
    "is_strategy_stable": true,
    "max_delta": 2.1722036136779393e-06,
    "flips_in_window": 0,
    "br_flips_total": {
      "candidate_low": 0,
      "candidate_medium": 0,
      "candidate_high": 0,
      "firm": 0
    }
  },
  "training_seed": 45,
  "degenerate_posterior_train": 0,
  "degenerate_posterior_eval": 0
}