{
  "ai_adoption_overall": 0.99869,
  "ai_adoption_low": 0.9988984210702007,
  "ai_adoption_medium": 0.9984998499849985,
  "ai_adoption_high": 0.9988527533918595,
  "correct_match_rate": 0.90328,
  "overoffer_rate": 0.0567,
  "underoffer_rate": 0.04002,
  "detection_rate_given_ai": 0.0,
  "detection_rate_given_ai_low": 0.0,
  "detection_rate_given_ai_medium": 0.0,
  "detection_rate_given_ai_high": 0.0,
  "candidate_welfare": 0.9974624999999998,
  "firm_welfare": -0.1176908,
  "total_welfare": 0.8797716999999998,
  "firm_policy_lowverify": 0.9919,
  "firm_policy_baseverify": 0.004059999999999999,
  "firm_policy_highverify": 0.00404,
  "firm_suspicion_10": 0.004019999999999999,
  "firm_suspicion_50": 0.0064199999999999995,
  "firm_suspicion_90": 0.98956,
  "separating_index": 0.0001781027360755529,
  "eval_seed": 10043,
  "training_seed": 44,
  "training_seed_idx": 2
}