{
  "regret": {
    "r_max": 0.002716732542819497,
    "r_firm": 0.002716732542819497,
    "r_candidate_low": 0.0002815802567768255,
    "r_candidate_medium": 0.0008102512754744051,
    "r_candidate_high": 0.00037813262131014547
  },
  "convergence": {
    "is_strategy_stable": true,
    "max_delta": 1.7024536613341468e-05,
    "flips_in_window": 0,
    "br_flips_total": {
      "candidate_low": 0,
      "candidate_medium": 0,
      "candidate_high": 0,
      "firm": 1
    }
  },
  "training_seed": 44,
  "degenerate_posterior_train": 0,
  "degenerate_posterior_eval": 0
}