{
  "ai_adoption_overall": 0.00148,
  "ai_adoption_low": 0.0015372790161414297,
  "ai_adoption_medium": 0.001402777499448909,
  "ai_adoption_high": 0.0015860428231562252,
  "correct_match_rate": 0.96848,
  "overoffer_rate": 0.01499,
  "underoffer_rate": 0.01653,
  "detection_rate_given_ai": 0.13513513513513514,
  "detection_rate_given_ai_low": 0.2826086956521739,
  "detection_rate_given_ai_medium": 0.05714285714285714,
  "detection_rate_given_ai_high": 0.09375,
  "candidate_welfare": 0.9006121500000003,
  "firm_welfare": -0.0524668,
  "total_welfare": 0.8481453500000002,
  "firm_policy_lowverify": 0.9922,
  "firm_policy_baseverify": 0.00381,
  "firm_policy_highverify": 0.0039900000000000005,
  "firm_suspicion_10": 0.99219,
  "firm_suspicion_50": 0.00408,
  "firm_suspicion_90": 0.00373,
  "separating_index": 7.749892167042793e-05,
  "eval_seed": 10042,
  "training_seed": 43,
  "training_seed_idx": 1
}