{
  "regret": {
    "r_max": 0.0010111989459815549,
    "r_firm": 0.0010111989459815549,
    "r_candidate_low": 0.0005221210719591821,
    "r_candidate_medium": 0.0002985442421439277,
    "r_candidate_high": 0.0001505541656152687
  },
  "convergence": {
    "is_strategy_stable": true,
    "max_delta": 1.2768402460117123e-05,
    "flips_in_window": 0,
    "br_flips_total": {
      "candidate_low": 0,
      "candidate_medium": 0,
      "candidate_high": 0,
      "firm": 0
    }
  },
  "training_seed": 43,
  "degenerate_posterior_train": 0,
  "degenerate_posterior_eval": 0
}